[
{
    "model": "admin.logentry",
    "pk": 1,
    "fields": {
        "action_time": "2026-05-27T07:31:42.784Z",
        "user": 1,
        "content_type": 7,
        "object_id": "1",
        "object_repr": "nathaniel",
        "action_flag": 1,
        "change_message": "[{\"added\": {}}]"
    }
},
{
    "model": "admin.logentry",
    "pk": 2,
    "fields": {
        "action_time": "2026-05-27T07:32:30.284Z",
        "user": 1,
        "content_type": 10,
        "object_id": "1",
        "object_repr": "Abood",
        "action_flag": 1,
        "change_message": "[{\"added\": {}}]"
    }
},
{
    "model": "admin.logentry",
    "pk": 3,
    "fields": {
        "action_time": "2026-05-27T07:33:03.452Z",
        "user": 1,
        "content_type": 9,
        "object_id": "1",
        "object_repr": "Abood 1 (T100)",
        "action_flag": 1,
        "change_message": "[{\"added\": {}}]"
    }
},
{
    "model": "admin.logentry",
    "pk": 4,
    "fields": {
        "action_time": "2026-05-27T07:34:16.670Z",
        "user": 1,
        "content_type": 11,
        "object_id": "1",
        "object_repr": "Dar -> Mwanza",
        "action_flag": 1,
        "change_message": "[{\"added\": {}}]"
    }
},
{
    "model": "admin.logentry",
    "pk": 5,
    "fields": {
        "action_time": "2026-05-27T07:35:01.885Z",
        "user": 1,
        "content_type": 12,
        "object_id": "1",
        "object_repr": "Dar -> Mwanza | 2026-05-28",
        "action_flag": 1,
        "change_message": "[{\"added\": {}}]"
    }
},
{
    "model": "admin.logentry",
    "pk": 6,
    "fields": {
        "action_time": "2026-05-27T08:36:42.860Z",
        "user": 1,
        "content_type": 13,
        "object_id": "1",
        "object_repr": "Abood 1 - A1",
        "action_flag": 1,
        "change_message": "[{\"added\": {}}]"
    }
},
{
    "model": "admin.logentry",
    "pk": 7,
    "fields": {
        "action_time": "2026-05-27T08:37:02.915Z",
        "user": 1,
        "content_type": 13,
        "object_id": "2",
        "object_repr": "Abood 1 - A2",
        "action_flag": 1,
        "change_message": "[{\"added\": {}}]"
    }
},
{
    "model": "admin.logentry",
    "pk": 8,
    "fields": {
        "action_time": "2026-05-27T08:37:13.575Z",
        "user": 1,
        "content_type": 13,
        "object_id": "3",
        "object_repr": "Abood 1 - A3",
        "action_flag": 1,
        "change_message": "[{\"added\": {}}]"
    }
},
{
    "model": "admin.logentry",
    "pk": 9,
    "fields": {
        "action_time": "2026-05-27T08:37:28.214Z",
        "user": 1,
        "content_type": 13,
        "object_id": "4",
        "object_repr": "Abood 1 - A4",
        "action_flag": 1,
        "change_message": "[{\"added\": {}}]"
    }
},
{
    "model": "admin.logentry",
    "pk": 10,
    "fields": {
        "action_time": "2026-05-27T08:37:36.562Z",
        "user": 1,
        "content_type": 13,
        "object_id": "5",
        "object_repr": "Abood 1 - A5",
        "action_flag": 1,
        "change_message": "[{\"added\": {}}]"
    }
},
{
    "model": "admin.logentry",
    "pk": 11,
    "fields": {
        "action_time": "2026-05-27T08:37:47.782Z",
        "user": 1,
        "content_type": 13,
        "object_id": "6",
        "object_repr": "Abood 1 - A6",
        "action_flag": 1,
        "change_message": "[{\"added\": {}}]"
    }
},
{
    "model": "admin.logentry",
    "pk": 12,
    "fields": {
        "action_time": "2026-05-27T08:38:02.639Z",
        "user": 1,
        "content_type": 13,
        "object_id": "7",
        "object_repr": "Abood 1 - A7",
        "action_flag": 1,
        "change_message": "[{\"added\": {}}]"
    }
},
{
    "model": "admin.logentry",
    "pk": 13,
    "fields": {
        "action_time": "2026-05-27T08:38:50.148Z",
        "user": 1,
        "content_type": 13,
        "object_id": "8",
        "object_repr": "Abood 1 - A8",
        "action_flag": 1,
        "change_message": "[{\"added\": {}}]"
    }
},
{
    "model": "admin.logentry",
    "pk": 14,
    "fields": {
        "action_time": "2026-05-27T08:39:05.048Z",
        "user": 1,
        "content_type": 13,
        "object_id": "9",
        "object_repr": "Abood 1 - A9",
        "action_flag": 1,
        "change_message": "[{\"added\": {}}]"
    }
},
{
    "model": "admin.logentry",
    "pk": 15,
    "fields": {
        "action_time": "2026-05-27T08:39:13.064Z",
        "user": 1,
        "content_type": 13,
        "object_id": "10",
        "object_repr": "Abood 1 - A10",
        "action_flag": 1,
        "change_message": "[{\"added\": {}}]"
    }
},
{
    "model": "admin.logentry",
    "pk": 16,
    "fields": {
        "action_time": "2026-05-27T08:39:43.209Z",
        "user": 1,
        "content_type": 13,
        "object_id": "11",
        "object_repr": "Abood 1 - A11",
        "action_flag": 1,
        "change_message": "[{\"added\": {}}]"
    }
},
{
    "model": "admin.logentry",
    "pk": 17,
    "fields": {
        "action_time": "2026-05-27T08:39:50.658Z",
        "user": 1,
        "content_type": 13,
        "object_id": "12",
        "object_repr": "Abood 1 - A12",
        "action_flag": 1,
        "change_message": "[{\"added\": {}}]"
    }
},
{
    "model": "admin.logentry",
    "pk": 18,
    "fields": {
        "action_time": "2026-05-27T11:23:58.490Z",
        "user": 1,
        "content_type": 13,
        "object_id": "13",
        "object_repr": "Abood 1 - A13",
        "action_flag": 1,
        "change_message": "[{\"added\": {}}]"
    }
},
{
    "model": "admin.logentry",
    "pk": 19,
    "fields": {
        "action_time": "2026-05-27T11:24:27.610Z",
        "user": 1,
        "content_type": 13,
        "object_id": "14",
        "object_repr": "Abood 1 - A14",
        "action_flag": 1,
        "change_message": "[{\"added\": {}}]"
    }
},
{
    "model": "admin.logentry",
    "pk": 20,
    "fields": {
        "action_time": "2026-05-27T11:24:36.920Z",
        "user": 1,
        "content_type": 13,
        "object_id": "15",
        "object_repr": "Abood 1 - A15",
        "action_flag": 1,
        "change_message": "[{\"added\": {}}]"
    }
},
{
    "model": "admin.logentry",
    "pk": 21,
    "fields": {
        "action_time": "2026-05-27T11:24:43.687Z",
        "user": 1,
        "content_type": 13,
        "object_id": "16",
        "object_repr": "Abood 1 - A16",
        "action_flag": 1,
        "change_message": "[{\"added\": {}}]"
    }
},
{
    "model": "admin.logentry",
    "pk": 22,
    "fields": {
        "action_time": "2026-05-27T11:25:10.187Z",
        "user": 1,
        "content_type": 13,
        "object_id": "17",
        "object_repr": "Abood 1 - A16",
        "action_flag": 1,
        "change_message": "[{\"added\": {}}]"
    }
},
{
    "model": "admin.logentry",
    "pk": 23,
    "fields": {
        "action_time": "2026-05-27T11:25:20.604Z",
        "user": 1,
        "content_type": 13,
        "object_id": "17",
        "object_repr": "Abood 1 - A17",
        "action_flag": 2,
        "change_message": "[{\"changed\": {\"fields\": [\"Seat number\"]}}]"
    }
},
{
    "model": "admin.logentry",
    "pk": 24,
    "fields": {
        "action_time": "2026-05-27T11:26:57.918Z",
        "user": 1,
        "content_type": 13,
        "object_id": "18",
        "object_repr": "Abood 1 - A18",
        "action_flag": 1,
        "change_message": "[{\"added\": {}}]"
    }
},
{
    "model": "admin.logentry",
    "pk": 25,
    "fields": {
        "action_time": "2026-05-27T11:27:06.251Z",
        "user": 1,
        "content_type": 13,
        "object_id": "19",
        "object_repr": "Abood 1 - A19",
        "action_flag": 1,
        "change_message": "[{\"added\": {}}]"
    }
},
{
    "model": "admin.logentry",
    "pk": 26,
    "fields": {
        "action_time": "2026-05-27T11:27:18.679Z",
        "user": 1,
        "content_type": 13,
        "object_id": "20",
        "object_repr": "Abood 1 - A20",
        "action_flag": 1,
        "change_message": "[{\"added\": {}}]"
    }
},
{
    "model": "admin.logentry",
    "pk": 27,
    "fields": {
        "action_time": "2026-05-27T11:27:30.269Z",
        "user": 1,
        "content_type": 13,
        "object_id": "21",
        "object_repr": "Abood 1 - A21",
        "action_flag": 1,
        "change_message": "[{\"added\": {}}]"
    }
},
{
    "model": "admin.logentry",
    "pk": 28,
    "fields": {
        "action_time": "2026-05-27T11:27:39.502Z",
        "user": 1,
        "content_type": 13,
        "object_id": "22",
        "object_repr": "Abood 1 - A22",
        "action_flag": 1,
        "change_message": "[{\"added\": {}}]"
    }
},
{
    "model": "admin.logentry",
    "pk": 29,
    "fields": {
        "action_time": "2026-05-27T11:27:56.035Z",
        "user": 1,
        "content_type": 13,
        "object_id": "23",
        "object_repr": "Abood 1 - A23",
        "action_flag": 1,
        "change_message": "[{\"added\": {}}]"
    }
},
{
    "model": "admin.logentry",
    "pk": 30,
    "fields": {
        "action_time": "2026-05-27T11:28:08.055Z",
        "user": 1,
        "content_type": 13,
        "object_id": "24",
        "object_repr": "Abood 1 - A24",
        "action_flag": 1,
        "change_message": "[{\"added\": {}}]"
    }
},
{
    "model": "admin.logentry",
    "pk": 31,
    "fields": {
        "action_time": "2026-05-27T11:28:22.436Z",
        "user": 1,
        "content_type": 13,
        "object_id": "25",
        "object_repr": "Abood 1 - A25",
        "action_flag": 1,
        "change_message": "[{\"added\": {}}]"
    }
},
{
    "model": "admin.logentry",
    "pk": 32,
    "fields": {
        "action_time": "2026-05-27T11:28:42.716Z",
        "user": 1,
        "content_type": 13,
        "object_id": "26",
        "object_repr": "Abood 1 - A26",
        "action_flag": 1,
        "change_message": "[{\"added\": {}}]"
    }
},
{
    "model": "admin.logentry",
    "pk": 33,
    "fields": {
        "action_time": "2026-05-27T11:28:51.015Z",
        "user": 1,
        "content_type": 13,
        "object_id": "27",
        "object_repr": "Abood 1 - A27",
        "action_flag": 1,
        "change_message": "[{\"added\": {}}]"
    }
},
{
    "model": "admin.logentry",
    "pk": 34,
    "fields": {
        "action_time": "2026-05-27T11:28:59.210Z",
        "user": 1,
        "content_type": 13,
        "object_id": "28",
        "object_repr": "Abood 1 - A28",
        "action_flag": 1,
        "change_message": "[{\"added\": {}}]"
    }
},
{
    "model": "admin.logentry",
    "pk": 35,
    "fields": {
        "action_time": "2026-05-27T11:29:07.413Z",
        "user": 1,
        "content_type": 13,
        "object_id": "29",
        "object_repr": "Abood 1 - A29",
        "action_flag": 1,
        "change_message": "[{\"added\": {}}]"
    }
},
{
    "model": "admin.logentry",
    "pk": 36,
    "fields": {
        "action_time": "2026-05-27T11:29:17.429Z",
        "user": 1,
        "content_type": 13,
        "object_id": "30",
        "object_repr": "Abood 1 - A30",
        "action_flag": 1,
        "change_message": "[{\"added\": {}}]"
    }
},
{
    "model": "admin.logentry",
    "pk": 37,
    "fields": {
        "action_time": "2026-05-27T11:29:48.453Z",
        "user": 1,
        "content_type": 13,
        "object_id": "31",
        "object_repr": "Abood 1 - A31",
        "action_flag": 1,
        "change_message": "[{\"added\": {}}]"
    }
},
{
    "model": "admin.logentry",
    "pk": 38,
    "fields": {
        "action_time": "2026-05-27T11:29:56.115Z",
        "user": 1,
        "content_type": 13,
        "object_id": "32",
        "object_repr": "Abood 1 - A32",
        "action_flag": 1,
        "change_message": "[{\"added\": {}}]"
    }
},
{
    "model": "admin.logentry",
    "pk": 39,
    "fields": {
        "action_time": "2026-05-27T13:04:38.475Z",
        "user": 1,
        "content_type": 8,
        "object_id": "2",
        "object_repr": "nathaniel - 44DF7B89",
        "action_flag": 3,
        "change_message": ""
    }
},
{
    "model": "admin.logentry",
    "pk": 40,
    "fields": {
        "action_time": "2026-05-27T13:04:38.475Z",
        "user": 1,
        "content_type": 8,
        "object_id": "1",
        "object_repr": "nathaniel - 610C6AC7",
        "action_flag": 3,
        "change_message": ""
    }
},
{
    "model": "admin.logentry",
    "pk": 41,
    "fields": {
        "action_time": "2026-05-27T13:47:26.342Z",
        "user": 1,
        "content_type": 8,
        "object_id": "4",
        "object_repr": "nathaniel - D91E4F8D",
        "action_flag": 3,
        "change_message": ""
    }
},
{
    "model": "admin.logentry",
    "pk": 42,
    "fields": {
        "action_time": "2026-05-27T13:47:26.343Z",
        "user": 1,
        "content_type": 8,
        "object_id": "3",
        "object_repr": "nathaniel - 39275055",
        "action_flag": 3,
        "change_message": ""
    }
},
{
    "model": "admin.logentry",
    "pk": 43,
    "fields": {
        "action_time": "2026-05-27T16:19:17.843Z",
        "user": 1,
        "content_type": 8,
        "object_id": "17",
        "object_repr": "nathaniel - 60164ED1",
        "action_flag": 3,
        "change_message": ""
    }
},
{
    "model": "admin.logentry",
    "pk": 44,
    "fields": {
        "action_time": "2026-05-27T16:19:17.844Z",
        "user": 1,
        "content_type": 8,
        "object_id": "15",
        "object_repr": "nathaniel - 2E60D71F",
        "action_flag": 3,
        "change_message": ""
    }
},
{
    "model": "admin.logentry",
    "pk": 45,
    "fields": {
        "action_time": "2026-05-27T16:19:17.844Z",
        "user": 1,
        "content_type": 8,
        "object_id": "13",
        "object_repr": "nathaniel - B494DB93",
        "action_flag": 3,
        "change_message": ""
    }
},
{
    "model": "admin.logentry",
    "pk": 46,
    "fields": {
        "action_time": "2026-05-27T16:19:17.844Z",
        "user": 1,
        "content_type": 8,
        "object_id": "12",
        "object_repr": "nathaniel - 4A094D28",
        "action_flag": 3,
        "change_message": ""
    }
},
{
    "model": "admin.logentry",
    "pk": 47,
    "fields": {
        "action_time": "2026-05-27T16:19:17.844Z",
        "user": 1,
        "content_type": 8,
        "object_id": "7",
        "object_repr": "nathaniel - 92D40DEE",
        "action_flag": 3,
        "change_message": ""
    }
},
{
    "model": "admin.logentry",
    "pk": 48,
    "fields": {
        "action_time": "2026-05-27T16:30:15.726Z",
        "user": 1,
        "content_type": 8,
        "object_id": "22",
        "object_repr": "nathaniel - 8F955B04",
        "action_flag": 3,
        "change_message": ""
    }
},
{
    "model": "admin.logentry",
    "pk": 49,
    "fields": {
        "action_time": "2026-05-27T16:30:15.726Z",
        "user": 1,
        "content_type": 8,
        "object_id": "19",
        "object_repr": "nathaniel - 8C2F611E",
        "action_flag": 3,
        "change_message": ""
    }
},
{
    "model": "admin.logentry",
    "pk": 50,
    "fields": {
        "action_time": "2026-05-28T06:57:50.313Z",
        "user": 1,
        "content_type": 8,
        "object_id": "24",
        "object_repr": "nathaniel - AABED178",
        "action_flag": 3,
        "change_message": ""
    }
},
{
    "model": "admin.logentry",
    "pk": 51,
    "fields": {
        "action_time": "2026-05-28T06:57:50.313Z",
        "user": 1,
        "content_type": 8,
        "object_id": "23",
        "object_repr": "nathaniel - 27F1F172",
        "action_flag": 3,
        "change_message": ""
    }
},
{
    "model": "admin.logentry",
    "pk": 52,
    "fields": {
        "action_time": "2026-05-30T10:12:59.080Z",
        "user": 1,
        "content_type": 8,
        "object_id": "32",
        "object_repr": "nathaniel - F95CBBB2",
        "action_flag": 3,
        "change_message": ""
    }
},
{
    "model": "admin.logentry",
    "pk": 53,
    "fields": {
        "action_time": "2026-05-30T10:12:59.080Z",
        "user": 1,
        "content_type": 8,
        "object_id": "30",
        "object_repr": "nathaniel - D79C15E8",
        "action_flag": 3,
        "change_message": ""
    }
},
{
    "model": "admin.logentry",
    "pk": 54,
    "fields": {
        "action_time": "2026-05-30T10:12:59.080Z",
        "user": 1,
        "content_type": 8,
        "object_id": "28",
        "object_repr": "nathaniel - F64F1991",
        "action_flag": 3,
        "change_message": ""
    }
},
{
    "model": "admin.logentry",
    "pk": 55,
    "fields": {
        "action_time": "2026-05-30T10:12:59.080Z",
        "user": 1,
        "content_type": 8,
        "object_id": "27",
        "object_repr": "nathaniel - F7A8D259",
        "action_flag": 3,
        "change_message": ""
    }
},
{
    "model": "admin.logentry",
    "pk": 56,
    "fields": {
        "action_time": "2026-05-30T10:12:59.080Z",
        "user": 1,
        "content_type": 8,
        "object_id": "26",
        "object_repr": "nathaniel - F7632244",
        "action_flag": 3,
        "change_message": ""
    }
},
{
    "model": "admin.logentry",
    "pk": 57,
    "fields": {
        "action_time": "2026-05-30T10:12:59.080Z",
        "user": 1,
        "content_type": 8,
        "object_id": "25",
        "object_repr": "nathaniel - 8E8FD875",
        "action_flag": 3,
        "change_message": ""
    }
},
{
    "model": "admin.logentry",
    "pk": 58,
    "fields": {
        "action_time": "2026-06-04T11:18:54.364Z",
        "user": 1,
        "content_type": 12,
        "object_id": "1",
        "object_repr": "Dar -> Mwanza | 2026-06-30",
        "action_flag": 2,
        "change_message": "[{\"changed\": {\"fields\": [\"Travel date\"]}}]"
    }
},
{
    "model": "admin.logentry",
    "pk": 59,
    "fields": {
        "action_time": "2026-06-04T11:19:22.398Z",
        "user": 1,
        "content_type": 8,
        "object_id": "35",
        "object_repr": "nathaniel - 6CC9EEA7",
        "action_flag": 3,
        "change_message": ""
    }
},
{
    "model": "admin.logentry",
    "pk": 60,
    "fields": {
        "action_time": "2026-06-04T11:19:22.398Z",
        "user": 1,
        "content_type": 8,
        "object_id": "34",
        "object_repr": "nathaniel - E34C9E2A",
        "action_flag": 3,
        "change_message": ""
    }
},
{
    "model": "admin.logentry",
    "pk": 61,
    "fields": {
        "action_time": "2026-06-04T11:19:22.398Z",
        "user": 1,
        "content_type": 8,
        "object_id": "33",
        "object_repr": "nathaniel - C22CB3DF",
        "action_flag": 3,
        "change_message": ""
    }
},
{
    "model": "admin.logentry",
    "pk": 62,
    "fields": {
        "action_time": "2026-06-04T11:21:25.782Z",
        "user": 1,
        "content_type": 15,
        "object_id": "35",
        "object_repr": "uxbl592rpt",
        "action_flag": 3,
        "change_message": ""
    }
},
{
    "model": "admin.logentry",
    "pk": 63,
    "fields": {
        "action_time": "2026-06-04T11:22:36.026Z",
        "user": 1,
        "content_type": 8,
        "object_id": "37",
        "object_repr": "nathaniel - 5867E33D",
        "action_flag": 3,
        "change_message": ""
    }
},
{
    "model": "admin.logentry",
    "pk": 64,
    "fields": {
        "action_time": "2026-06-04T12:39:16.250Z",
        "user": 1,
        "content_type": 8,
        "object_id": "38",
        "object_repr": "nathaniel - E28E552F",
        "action_flag": 3,
        "change_message": ""
    }
},
{
    "model": "admin.logentry",
    "pk": 65,
    "fields": {
        "action_time": "2026-06-05T02:59:20.892Z",
        "user": 1,
        "content_type": 8,
        "object_id": "44",
        "object_repr": "nathaniel - 4C386FD7",
        "action_flag": 3,
        "change_message": ""
    }
},
{
    "model": "admin.logentry",
    "pk": 66,
    "fields": {
        "action_time": "2026-06-05T02:59:20.892Z",
        "user": 1,
        "content_type": 8,
        "object_id": "40",
        "object_repr": "nathaniel - CBA4584F",
        "action_flag": 3,
        "change_message": ""
    }
},
{
    "model": "admin.logentry",
    "pk": 67,
    "fields": {
        "action_time": "2026-06-05T02:59:20.892Z",
        "user": 1,
        "content_type": 8,
        "object_id": "39",
        "object_repr": "nathaniel - B1D3039B",
        "action_flag": 3,
        "change_message": ""
    }
},
{
    "model": "admin.logentry",
    "pk": 68,
    "fields": {
        "action_time": "2026-06-12T05:14:44.944Z",
        "user": 1,
        "content_type": 11,
        "object_id": "2",
        "object_repr": "Mwanza -> Dar",
        "action_flag": 1,
        "change_message": "[{\"added\": {}}]"
    }
},
{
    "model": "admin.logentry",
    "pk": 69,
    "fields": {
        "action_time": "2026-06-12T05:15:37.294Z",
        "user": 1,
        "content_type": 12,
        "object_id": "2",
        "object_repr": "Mwanza -> Dar | 2026-06-30",
        "action_flag": 1,
        "change_message": "[{\"added\": {}}]"
    }
},
{
    "model": "admin.logentry",
    "pk": 70,
    "fields": {
        "action_time": "2026-06-15T03:57:03.409Z",
        "user": 1,
        "content_type": 8,
        "object_id": "95",
        "object_repr": "nathaniel - 2B255E86",
        "action_flag": 3,
        "change_message": ""
    }
},
{
    "model": "admin.logentry",
    "pk": 71,
    "fields": {
        "action_time": "2026-06-15T03:57:03.409Z",
        "user": 1,
        "content_type": 8,
        "object_id": "94",
        "object_repr": "nathaniel - 9EE130E6",
        "action_flag": 3,
        "change_message": ""
    }
},
{
    "model": "admin.logentry",
    "pk": 72,
    "fields": {
        "action_time": "2026-06-15T03:57:03.409Z",
        "user": 1,
        "content_type": 8,
        "object_id": "93",
        "object_repr": "kornel - 1CDE33F0",
        "action_flag": 3,
        "change_message": ""
    }
},
{
    "model": "admin.logentry",
    "pk": 73,
    "fields": {
        "action_time": "2026-06-15T03:57:03.409Z",
        "user": 1,
        "content_type": 8,
        "object_id": "92",
        "object_repr": "nathaniel - 340D7035",
        "action_flag": 3,
        "change_message": ""
    }
},
{
    "model": "admin.logentry",
    "pk": 74,
    "fields": {
        "action_time": "2026-06-15T03:57:03.409Z",
        "user": 1,
        "content_type": 8,
        "object_id": "91",
        "object_repr": "nathaniel - 4041B579",
        "action_flag": 3,
        "change_message": ""
    }
},
{
    "model": "admin.logentry",
    "pk": 75,
    "fields": {
        "action_time": "2026-06-15T03:57:03.409Z",
        "user": 1,
        "content_type": 8,
        "object_id": "90",
        "object_repr": "nathaniel - C12CE9B3",
        "action_flag": 3,
        "change_message": ""
    }
},
{
    "model": "admin.logentry",
    "pk": 76,
    "fields": {
        "action_time": "2026-06-15T03:57:03.409Z",
        "user": 1,
        "content_type": 8,
        "object_id": "89",
        "object_repr": "nathaniel - DC82E94B",
        "action_flag": 3,
        "change_message": ""
    }
},
{
    "model": "admin.logentry",
    "pk": 77,
    "fields": {
        "action_time": "2026-06-15T03:57:03.409Z",
        "user": 1,
        "content_type": 8,
        "object_id": "88",
        "object_repr": "nathaniel - 694370E3",
        "action_flag": 3,
        "change_message": ""
    }
},
{
    "model": "admin.logentry",
    "pk": 78,
    "fields": {
        "action_time": "2026-06-15T03:57:03.409Z",
        "user": 1,
        "content_type": 8,
        "object_id": "87",
        "object_repr": "nathaniel - 4FF23315",
        "action_flag": 3,
        "change_message": ""
    }
},
{
    "model": "admin.logentry",
    "pk": 79,
    "fields": {
        "action_time": "2026-06-15T03:57:03.409Z",
        "user": 1,
        "content_type": 8,
        "object_id": "86",
        "object_repr": "nathaniel - 4D54B745",
        "action_flag": 3,
        "change_message": ""
    }
},
{
    "model": "admin.logentry",
    "pk": 80,
    "fields": {
        "action_time": "2026-06-15T03:57:03.409Z",
        "user": 1,
        "content_type": 8,
        "object_id": "85",
        "object_repr": "nathaniel - 94BEEA89",
        "action_flag": 3,
        "change_message": ""
    }
},
{
    "model": "admin.logentry",
    "pk": 81,
    "fields": {
        "action_time": "2026-06-15T03:57:03.409Z",
        "user": 1,
        "content_type": 8,
        "object_id": "84",
        "object_repr": "nathaniel - 37C5DF6A",
        "action_flag": 3,
        "change_message": ""
    }
},
{
    "model": "admin.logentry",
    "pk": 82,
    "fields": {
        "action_time": "2026-06-15T03:57:03.409Z",
        "user": 1,
        "content_type": 8,
        "object_id": "83",
        "object_repr": "nathaniel - 8F015568",
        "action_flag": 3,
        "change_message": ""
    }
},
{
    "model": "admin.logentry",
    "pk": 83,
    "fields": {
        "action_time": "2026-06-15T03:57:03.409Z",
        "user": 1,
        "content_type": 8,
        "object_id": "82",
        "object_repr": "nathaniel - EF788DE8",
        "action_flag": 3,
        "change_message": ""
    }
},
{
    "model": "admin.logentry",
    "pk": 84,
    "fields": {
        "action_time": "2026-06-15T03:57:03.410Z",
        "user": 1,
        "content_type": 8,
        "object_id": "81",
        "object_repr": "masharti - ED0358DE",
        "action_flag": 3,
        "change_message": ""
    }
},
{
    "model": "admin.logentry",
    "pk": 85,
    "fields": {
        "action_time": "2026-06-15T03:57:03.410Z",
        "user": 1,
        "content_type": 8,
        "object_id": "80",
        "object_repr": "masharti - FDF30AA2",
        "action_flag": 3,
        "change_message": ""
    }
},
{
    "model": "admin.logentry",
    "pk": 86,
    "fields": {
        "action_time": "2026-06-15T03:57:03.410Z",
        "user": 1,
        "content_type": 8,
        "object_id": "79",
        "object_repr": "nathaniel - 7C1D41B2",
        "action_flag": 3,
        "change_message": ""
    }
},
{
    "model": "admin.logentry",
    "pk": 87,
    "fields": {
        "action_time": "2026-06-15T03:57:03.410Z",
        "user": 1,
        "content_type": 8,
        "object_id": "69",
        "object_repr": "site - 0382C910",
        "action_flag": 3,
        "change_message": ""
    }
},
{
    "model": "admin.logentry",
    "pk": 88,
    "fields": {
        "action_time": "2026-06-15T03:57:03.410Z",
        "user": 1,
        "content_type": 8,
        "object_id": "68",
        "object_repr": "site - 6A2C81B8",
        "action_flag": 3,
        "change_message": ""
    }
},
{
    "model": "admin.logentry",
    "pk": 89,
    "fields": {
        "action_time": "2026-06-15T03:57:03.410Z",
        "user": 1,
        "content_type": 8,
        "object_id": "67",
        "object_repr": "nathaniel - 7359CC1E",
        "action_flag": 3,
        "change_message": ""
    }
},
{
    "model": "admin.logentry",
    "pk": 90,
    "fields": {
        "action_time": "2026-06-15T03:57:03.410Z",
        "user": 1,
        "content_type": 8,
        "object_id": "66",
        "object_repr": "nathaniel - 9118D95E",
        "action_flag": 3,
        "change_message": ""
    }
},
{
    "model": "admin.logentry",
    "pk": 91,
    "fields": {
        "action_time": "2026-06-15T03:57:03.410Z",
        "user": 1,
        "content_type": 8,
        "object_id": "65",
        "object_repr": "nathaniel - DFB5359C",
        "action_flag": 3,
        "change_message": ""
    }
},
{
    "model": "admin.logentry",
    "pk": 92,
    "fields": {
        "action_time": "2026-06-15T03:57:03.410Z",
        "user": 1,
        "content_type": 8,
        "object_id": "64",
        "object_repr": "nathaniel - 0EE2774A",
        "action_flag": 3,
        "change_message": ""
    }
},
{
    "model": "admin.logentry",
    "pk": 93,
    "fields": {
        "action_time": "2026-06-15T03:57:03.410Z",
        "user": 1,
        "content_type": 8,
        "object_id": "63",
        "object_repr": "nathaniel - 394B1E72",
        "action_flag": 3,
        "change_message": ""
    }
},
{
    "model": "admin.logentry",
    "pk": 94,
    "fields": {
        "action_time": "2026-06-15T03:57:03.410Z",
        "user": 1,
        "content_type": 8,
        "object_id": "62",
        "object_repr": "nathaniel - 8DB80787",
        "action_flag": 3,
        "change_message": ""
    }
},
{
    "model": "admin.logentry",
    "pk": 95,
    "fields": {
        "action_time": "2026-06-15T03:57:03.410Z",
        "user": 1,
        "content_type": 8,
        "object_id": "60",
        "object_repr": "nathaniel - 227C8CB3",
        "action_flag": 3,
        "change_message": ""
    }
},
{
    "model": "admin.logentry",
    "pk": 96,
    "fields": {
        "action_time": "2026-06-15T03:57:03.410Z",
        "user": 1,
        "content_type": 8,
        "object_id": "59",
        "object_repr": "nathaniel - 5A17E2DD",
        "action_flag": 3,
        "change_message": ""
    }
},
{
    "model": "admin.logentry",
    "pk": 97,
    "fields": {
        "action_time": "2026-06-15T03:57:03.410Z",
        "user": 1,
        "content_type": 8,
        "object_id": "58",
        "object_repr": "nathaniel - 603D6B37",
        "action_flag": 3,
        "change_message": ""
    }
},
{
    "model": "admin.logentry",
    "pk": 98,
    "fields": {
        "action_time": "2026-06-15T03:57:03.410Z",
        "user": 1,
        "content_type": 8,
        "object_id": "57",
        "object_repr": "nathaniel - 91B67575",
        "action_flag": 3,
        "change_message": ""
    }
},
{
    "model": "admin.logentry",
    "pk": 99,
    "fields": {
        "action_time": "2026-06-15T03:57:03.410Z",
        "user": 1,
        "content_type": 8,
        "object_id": "56",
        "object_repr": "nathaniel - 09F21B46",
        "action_flag": 3,
        "change_message": ""
    }
},
{
    "model": "admin.logentry",
    "pk": 100,
    "fields": {
        "action_time": "2026-06-15T03:57:03.410Z",
        "user": 1,
        "content_type": 8,
        "object_id": "53",
        "object_repr": "nathaniel - E2A94447",
        "action_flag": 3,
        "change_message": ""
    }
},
{
    "model": "admin.logentry",
    "pk": 101,
    "fields": {
        "action_time": "2026-06-15T03:57:03.410Z",
        "user": 1,
        "content_type": 8,
        "object_id": "52",
        "object_repr": "nathaniel - AC92106C",
        "action_flag": 3,
        "change_message": ""
    }
},
{
    "model": "admin.logentry",
    "pk": 102,
    "fields": {
        "action_time": "2026-06-17T10:49:36.633Z",
        "user": 1,
        "content_type": 8,
        "object_id": "114",
        "object_repr": "nathaniel - FDB0B1F7",
        "action_flag": 3,
        "change_message": ""
    }
},
{
    "model": "admin.logentry",
    "pk": 103,
    "fields": {
        "action_time": "2026-06-17T10:49:36.633Z",
        "user": 1,
        "content_type": 8,
        "object_id": "113",
        "object_repr": "nathaniel - 1284A486",
        "action_flag": 3,
        "change_message": ""
    }
},
{
    "model": "admin.logentry",
    "pk": 104,
    "fields": {
        "action_time": "2026-06-17T10:49:36.633Z",
        "user": 1,
        "content_type": 8,
        "object_id": "112",
        "object_repr": "nathaniel - AB460122",
        "action_flag": 3,
        "change_message": ""
    }
},
{
    "model": "admin.logentry",
    "pk": 105,
    "fields": {
        "action_time": "2026-06-17T10:49:36.633Z",
        "user": 1,
        "content_type": 8,
        "object_id": "110",
        "object_repr": "nathaniel - 71792FB3",
        "action_flag": 3,
        "change_message": ""
    }
},
{
    "model": "admin.logentry",
    "pk": 106,
    "fields": {
        "action_time": "2026-06-17T10:49:36.633Z",
        "user": 1,
        "content_type": 8,
        "object_id": "109",
        "object_repr": "mtundu - 78FB99A8",
        "action_flag": 3,
        "change_message": ""
    }
},
{
    "model": "admin.logentry",
    "pk": 107,
    "fields": {
        "action_time": "2026-06-17T10:49:36.633Z",
        "user": 1,
        "content_type": 8,
        "object_id": "108",
        "object_repr": "mtundu - E42C0B1E",
        "action_flag": 3,
        "change_message": ""
    }
},
{
    "model": "admin.logentry",
    "pk": 108,
    "fields": {
        "action_time": "2026-06-17T10:49:36.633Z",
        "user": 1,
        "content_type": 8,
        "object_id": "107",
        "object_repr": "nathaniel - 6218551E",
        "action_flag": 3,
        "change_message": ""
    }
},
{
    "model": "admin.logentry",
    "pk": 109,
    "fields": {
        "action_time": "2026-06-17T10:49:36.633Z",
        "user": 1,
        "content_type": 8,
        "object_id": "104",
        "object_repr": "sabuli - 8F41996D",
        "action_flag": 3,
        "change_message": ""
    }
},
{
    "model": "admin.logentry",
    "pk": 110,
    "fields": {
        "action_time": "2026-06-17T10:49:36.633Z",
        "user": 1,
        "content_type": 8,
        "object_id": "103",
        "object_repr": "nathaniel - 3D379513",
        "action_flag": 3,
        "change_message": ""
    }
},
{
    "model": "admin.logentry",
    "pk": 111,
    "fields": {
        "action_time": "2026-06-17T10:49:36.633Z",
        "user": 1,
        "content_type": 8,
        "object_id": "101",
        "object_repr": "nathaniel - 682240DF",
        "action_flag": 3,
        "change_message": ""
    }
},
{
    "model": "admin.logentry",
    "pk": 112,
    "fields": {
        "action_time": "2026-06-17T10:49:36.633Z",
        "user": 1,
        "content_type": 8,
        "object_id": "100",
        "object_repr": "nathaniel - E667F854",
        "action_flag": 3,
        "change_message": ""
    }
},
{
    "model": "admin.logentry",
    "pk": 113,
    "fields": {
        "action_time": "2026-06-17T10:49:36.633Z",
        "user": 1,
        "content_type": 8,
        "object_id": "99",
        "object_repr": "nathaniel - 53CCB9ED",
        "action_flag": 3,
        "change_message": ""
    }
},
{
    "model": "admin.logentry",
    "pk": 114,
    "fields": {
        "action_time": "2026-06-17T10:49:36.633Z",
        "user": 1,
        "content_type": 8,
        "object_id": "96",
        "object_repr": "nathaniel - 6B521B30",
        "action_flag": 3,
        "change_message": ""
    }
},
{
    "model": "admin.logentry",
    "pk": 115,
    "fields": {
        "action_time": "2026-06-17T21:38:58.343Z",
        "user": 1,
        "content_type": 4,
        "object_id": "10",
        "object_repr": "hamissy",
        "action_flag": 3,
        "change_message": ""
    }
},
{
    "model": "admin.logentry",
    "pk": 116,
    "fields": {
        "action_time": "2026-06-17T21:38:58.343Z",
        "user": 1,
        "content_type": 4,
        "object_id": "3",
        "object_repr": "jack",
        "action_flag": 3,
        "change_message": ""
    }
},
{
    "model": "admin.logentry",
    "pk": 117,
    "fields": {
        "action_time": "2026-06-17T21:38:58.343Z",
        "user": 1,
        "content_type": 4,
        "object_id": "7",
        "object_repr": "kornel",
        "action_flag": 3,
        "change_message": ""
    }
},
{
    "model": "admin.logentry",
    "pk": 118,
    "fields": {
        "action_time": "2026-06-17T21:38:58.343Z",
        "user": 1,
        "content_type": 4,
        "object_id": "6",
        "object_repr": "masharti",
        "action_flag": 3,
        "change_message": ""
    }
},
{
    "model": "admin.logentry",
    "pk": 119,
    "fields": {
        "action_time": "2026-06-17T21:38:58.343Z",
        "user": 1,
        "content_type": 4,
        "object_id": "8",
        "object_repr": "mike",
        "action_flag": 3,
        "change_message": ""
    }
},
{
    "model": "admin.logentry",
    "pk": 120,
    "fields": {
        "action_time": "2026-06-17T21:38:58.343Z",
        "user": 1,
        "content_type": 4,
        "object_id": "12",
        "object_repr": "mtundu",
        "action_flag": 3,
        "change_message": ""
    }
},
{
    "model": "admin.logentry",
    "pk": 121,
    "fields": {
        "action_time": "2026-06-17T21:38:58.343Z",
        "user": 1,
        "content_type": 4,
        "object_id": "4",
        "object_repr": "sabrina",
        "action_flag": 3,
        "change_message": ""
    }
},
{
    "model": "admin.logentry",
    "pk": 122,
    "fields": {
        "action_time": "2026-06-17T21:38:58.343Z",
        "user": 1,
        "content_type": 4,
        "object_id": "11",
        "object_repr": "sabuli",
        "action_flag": 3,
        "change_message": ""
    }
},
{
    "model": "admin.logentry",
    "pk": 123,
    "fields": {
        "action_time": "2026-06-17T21:38:58.343Z",
        "user": 1,
        "content_type": 4,
        "object_id": "9",
        "object_repr": "samir",
        "action_flag": 3,
        "change_message": ""
    }
},
{
    "model": "admin.logentry",
    "pk": 124,
    "fields": {
        "action_time": "2026-06-17T21:38:58.343Z",
        "user": 1,
        "content_type": 4,
        "object_id": "5",
        "object_repr": "site",
        "action_flag": 3,
        "change_message": ""
    }
},
{
    "model": "admin.logentry",
    "pk": 125,
    "fields": {
        "action_time": "2026-06-17T21:38:58.343Z",
        "user": 1,
        "content_type": 4,
        "object_id": "2",
        "object_repr": "wakili",
        "action_flag": 3,
        "change_message": ""
    }
},
{
    "model": "admin.logentry",
    "pk": 126,
    "fields": {
        "action_time": "2026-06-17T21:47:02.248Z",
        "user": 1,
        "content_type": 8,
        "object_id": "116",
        "object_repr": "nathaniel - A65B4729",
        "action_flag": 3,
        "change_message": ""
    }
},
{
    "model": "admin.logentry",
    "pk": 127,
    "fields": {
        "action_time": "2026-06-17T21:47:02.248Z",
        "user": 1,
        "content_type": 8,
        "object_id": "115",
        "object_repr": "nathaniel - 02A3FAD9",
        "action_flag": 3,
        "change_message": ""
    }
},
{
    "model": "admin.logentry",
    "pk": 128,
    "fields": {
        "action_time": "2026-06-17T22:53:58.426Z",
        "user": 1,
        "content_type": 8,
        "object_id": "122",
        "object_repr": "Boy_mtundu - BEA1FEBB",
        "action_flag": 3,
        "change_message": ""
    }
},
{
    "model": "admin.logentry",
    "pk": 129,
    "fields": {
        "action_time": "2026-06-17T22:53:58.426Z",
        "user": 1,
        "content_type": 8,
        "object_id": "117",
        "object_repr": "Boy_mtundu - 9587B66F",
        "action_flag": 3,
        "change_message": ""
    }
},
{
    "model": "admin.logentry",
    "pk": 130,
    "fields": {
        "action_time": "2026-06-20T14:29:58.172Z",
        "user": 1,
        "content_type": 8,
        "object_id": "132",
        "object_repr": "semkiwa - 82ED1ABB",
        "action_flag": 3,
        "change_message": ""
    }
},
{
    "model": "admin.logentry",
    "pk": 131,
    "fields": {
        "action_time": "2026-06-20T14:29:58.172Z",
        "user": 1,
        "content_type": 8,
        "object_id": "131",
        "object_repr": "gradiness - 61FD0CB3",
        "action_flag": 3,
        "change_message": ""
    }
},
{
    "model": "admin.logentry",
    "pk": 132,
    "fields": {
        "action_time": "2026-06-20T14:29:58.172Z",
        "user": 1,
        "content_type": 8,
        "object_id": "129",
        "object_repr": "gradiness - 1A8042AB",
        "action_flag": 3,
        "change_message": ""
    }
},
{
    "model": "admin.logentry",
    "pk": 133,
    "fields": {
        "action_time": "2026-06-20T14:29:58.172Z",
        "user": 1,
        "content_type": 8,
        "object_id": "125",
        "object_repr": "Boy_mtundu - DCAAF478",
        "action_flag": 3,
        "change_message": ""
    }
},
{
    "model": "admin.logentry",
    "pk": 134,
    "fields": {
        "action_time": "2026-06-20T14:29:58.172Z",
        "user": 1,
        "content_type": 8,
        "object_id": "123",
        "object_repr": "Boy_mtundu - 351A6DE1",
        "action_flag": 3,
        "change_message": ""
    }
},
{
    "model": "admin.logentry",
    "pk": 135,
    "fields": {
        "action_time": "2026-06-21T00:43:46.746Z",
        "user": 1,
        "content_type": 8,
        "object_id": "140",
        "object_repr": "nathaniel - 6F9006E4",
        "action_flag": 3,
        "change_message": ""
    }
},
{
    "model": "admin.logentry",
    "pk": 136,
    "fields": {
        "action_time": "2026-06-21T00:43:46.746Z",
        "user": 1,
        "content_type": 8,
        "object_id": "139",
        "object_repr": "nathaniel - 29DE3606",
        "action_flag": 3,
        "change_message": ""
    }
},
{
    "model": "admin.logentry",
    "pk": 137,
    "fields": {
        "action_time": "2026-06-23T03:50:00.418Z",
        "user": 1,
        "content_type": 8,
        "object_id": "154",
        "object_repr": "nathaniel - F40C6576",
        "action_flag": 3,
        "change_message": ""
    }
},
{
    "model": "admin.logentry",
    "pk": 138,
    "fields": {
        "action_time": "2026-06-23T03:50:00.418Z",
        "user": 1,
        "content_type": 8,
        "object_id": "153",
        "object_repr": "nathaniel - 323BEC2E",
        "action_flag": 3,
        "change_message": ""
    }
},
{
    "model": "admin.logentry",
    "pk": 139,
    "fields": {
        "action_time": "2026-06-23T03:50:00.419Z",
        "user": 1,
        "content_type": 8,
        "object_id": "152",
        "object_repr": "nathaniel - AEF4E338",
        "action_flag": 3,
        "change_message": ""
    }
},
{
    "model": "admin.logentry",
    "pk": 140,
    "fields": {
        "action_time": "2026-06-23T03:50:00.419Z",
        "user": 1,
        "content_type": 8,
        "object_id": "151",
        "object_repr": "juma - 36AE8875",
        "action_flag": 3,
        "change_message": ""
    }
},
{
    "model": "admin.logentry",
    "pk": 141,
    "fields": {
        "action_time": "2026-06-23T03:50:00.419Z",
        "user": 1,
        "content_type": 8,
        "object_id": "150",
        "object_repr": "nathaniel - 5BED1384",
        "action_flag": 3,
        "change_message": ""
    }
},
{
    "model": "admin.logentry",
    "pk": 142,
    "fields": {
        "action_time": "2026-06-23T03:50:00.419Z",
        "user": 1,
        "content_type": 8,
        "object_id": "149",
        "object_repr": "juma - F6E7C82D",
        "action_flag": 3,
        "change_message": ""
    }
},
{
    "model": "admin.logentry",
    "pk": 143,
    "fields": {
        "action_time": "2026-06-23T03:50:00.419Z",
        "user": 1,
        "content_type": 8,
        "object_id": "148",
        "object_repr": "juma - 5B3490C4",
        "action_flag": 3,
        "change_message": ""
    }
},
{
    "model": "admin.logentry",
    "pk": 144,
    "fields": {
        "action_time": "2026-06-23T03:50:00.419Z",
        "user": 1,
        "content_type": 8,
        "object_id": "147",
        "object_repr": "juma - B11CF688",
        "action_flag": 3,
        "change_message": ""
    }
},
{
    "model": "admin.logentry",
    "pk": 145,
    "fields": {
        "action_time": "2026-06-23T03:50:00.419Z",
        "user": 1,
        "content_type": 8,
        "object_id": "146",
        "object_repr": "juma - 923FB983",
        "action_flag": 3,
        "change_message": ""
    }
},
{
    "model": "admin.logentry",
    "pk": 146,
    "fields": {
        "action_time": "2026-06-23T03:50:00.419Z",
        "user": 1,
        "content_type": 8,
        "object_id": "145",
        "object_repr": "juma - 157542F2",
        "action_flag": 3,
        "change_message": ""
    }
},
{
    "model": "admin.logentry",
    "pk": 147,
    "fields": {
        "action_time": "2026-06-23T03:50:00.420Z",
        "user": 1,
        "content_type": 8,
        "object_id": "144",
        "object_repr": "juma - D7B3EA34",
        "action_flag": 3,
        "change_message": ""
    }
},
{
    "model": "admin.logentry",
    "pk": 148,
    "fields": {
        "action_time": "2026-06-23T03:50:00.420Z",
        "user": 1,
        "content_type": 8,
        "object_id": "143",
        "object_repr": "juma - 8F1E86E4",
        "action_flag": 3,
        "change_message": ""
    }
},
{
    "model": "admin.logentry",
    "pk": 149,
    "fields": {
        "action_time": "2026-06-23T03:50:00.420Z",
        "user": 1,
        "content_type": 8,
        "object_id": "142",
        "object_repr": "juma - E0229185",
        "action_flag": 3,
        "change_message": ""
    }
},
{
    "model": "admin.logentry",
    "pk": 150,
    "fields": {
        "action_time": "2026-06-23T03:50:00.420Z",
        "user": 1,
        "content_type": 8,
        "object_id": "141",
        "object_repr": "juma - 4640E384",
        "action_flag": 3,
        "change_message": ""
    }
},
{
    "model": "admin.logentry",
    "pk": 151,
    "fields": {
        "action_time": "2026-06-23T10:24:19.347Z",
        "user": 1,
        "content_type": 10,
        "object_id": "2",
        "object_repr": "ttt",
        "action_flag": 1,
        "change_message": "[{\"added\": {}}]"
    }
},
{
    "model": "admin.logentry",
    "pk": 152,
    "fields": {
        "action_time": "2026-06-23T10:26:07.111Z",
        "user": 1,
        "content_type": 9,
        "object_id": "2",
        "object_repr": "666 (uuu)",
        "action_flag": 1,
        "change_message": "[{\"added\": {}}]"
    }
},
{
    "model": "admin.logentry",
    "pk": 153,
    "fields": {
        "action_time": "2026-06-24T10:37:25.041Z",
        "user": 1,
        "content_type": 8,
        "object_id": "175",
        "object_repr": "nathaniel - B3A08963",
        "action_flag": 3,
        "change_message": ""
    }
},
{
    "model": "admin.logentry",
    "pk": 154,
    "fields": {
        "action_time": "2026-06-24T10:37:25.042Z",
        "user": 1,
        "content_type": 8,
        "object_id": "174",
        "object_repr": "nathaniel - 5870B019",
        "action_flag": 3,
        "change_message": ""
    }
},
{
    "model": "admin.logentry",
    "pk": 155,
    "fields": {
        "action_time": "2026-06-24T10:37:25.042Z",
        "user": 1,
        "content_type": 8,
        "object_id": "173",
        "object_repr": "nathaniel - 7A73C39A",
        "action_flag": 3,
        "change_message": ""
    }
},
{
    "model": "admin.logentry",
    "pk": 156,
    "fields": {
        "action_time": "2026-06-24T10:37:25.042Z",
        "user": 1,
        "content_type": 8,
        "object_id": "172",
        "object_repr": "nathaniel - 154BA9F8",
        "action_flag": 3,
        "change_message": ""
    }
},
{
    "model": "admin.logentry",
    "pk": 157,
    "fields": {
        "action_time": "2026-06-24T10:37:25.042Z",
        "user": 1,
        "content_type": 8,
        "object_id": "171",
        "object_repr": "nathaniel - 7EED1BFF",
        "action_flag": 3,
        "change_message": ""
    }
},
{
    "model": "admin.logentry",
    "pk": 158,
    "fields": {
        "action_time": "2026-06-24T10:37:25.042Z",
        "user": 1,
        "content_type": 8,
        "object_id": "170",
        "object_repr": "nathaniel - 2829F75D",
        "action_flag": 3,
        "change_message": ""
    }
},
{
    "model": "admin.logentry",
    "pk": 159,
    "fields": {
        "action_time": "2026-06-24T10:37:25.042Z",
        "user": 1,
        "content_type": 8,
        "object_id": "169",
        "object_repr": "juma - 72B6E1A0",
        "action_flag": 3,
        "change_message": ""
    }
},
{
    "model": "admin.logentry",
    "pk": 160,
    "fields": {
        "action_time": "2026-06-24T10:37:25.042Z",
        "user": 1,
        "content_type": 8,
        "object_id": "168",
        "object_repr": "nathaniel - E364D4AE",
        "action_flag": 3,
        "change_message": ""
    }
},
{
    "model": "admin.logentry",
    "pk": 161,
    "fields": {
        "action_time": "2026-06-24T10:37:25.042Z",
        "user": 1,
        "content_type": 8,
        "object_id": "167",
        "object_repr": "nathaniel - 45A9FE1F",
        "action_flag": 3,
        "change_message": ""
    }
},
{
    "model": "admin.logentry",
    "pk": 162,
    "fields": {
        "action_time": "2026-06-24T10:37:25.042Z",
        "user": 1,
        "content_type": 8,
        "object_id": "166",
        "object_repr": "nathaniel - 021DD12C",
        "action_flag": 3,
        "change_message": ""
    }
},
{
    "model": "admin.logentry",
    "pk": 163,
    "fields": {
        "action_time": "2026-06-24T10:37:25.042Z",
        "user": 1,
        "content_type": 8,
        "object_id": "165",
        "object_repr": "nathaniel - D94415E0",
        "action_flag": 3,
        "change_message": ""
    }
},
{
    "model": "admin.logentry",
    "pk": 164,
    "fields": {
        "action_time": "2026-06-24T10:37:25.042Z",
        "user": 1,
        "content_type": 8,
        "object_id": "164",
        "object_repr": "nathaniel - A1B71B7A",
        "action_flag": 3,
        "change_message": ""
    }
},
{
    "model": "admin.logentry",
    "pk": 165,
    "fields": {
        "action_time": "2026-06-24T10:37:25.042Z",
        "user": 1,
        "content_type": 8,
        "object_id": "163",
        "object_repr": "juma - 52E49E9C",
        "action_flag": 3,
        "change_message": ""
    }
},
{
    "model": "admin.logentry",
    "pk": 166,
    "fields": {
        "action_time": "2026-06-24T10:37:25.042Z",
        "user": 1,
        "content_type": 8,
        "object_id": "162",
        "object_repr": "juma - 31911248",
        "action_flag": 3,
        "change_message": ""
    }
},
{
    "model": "admin.logentry",
    "pk": 167,
    "fields": {
        "action_time": "2026-06-24T10:37:25.042Z",
        "user": 1,
        "content_type": 8,
        "object_id": "161",
        "object_repr": "juma - C38DEE88",
        "action_flag": 3,
        "change_message": ""
    }
},
{
    "model": "admin.logentry",
    "pk": 168,
    "fields": {
        "action_time": "2026-06-24T10:37:25.043Z",
        "user": 1,
        "content_type": 8,
        "object_id": "160",
        "object_repr": "juma - EC3671F0",
        "action_flag": 3,
        "change_message": ""
    }
},
{
    "model": "admin.logentry",
    "pk": 169,
    "fields": {
        "action_time": "2026-06-24T10:37:25.043Z",
        "user": 1,
        "content_type": 8,
        "object_id": "159",
        "object_repr": "juma - 50790903",
        "action_flag": 3,
        "change_message": ""
    }
},
{
    "model": "admin.logentry",
    "pk": 170,
    "fields": {
        "action_time": "2026-06-24T10:37:25.043Z",
        "user": 1,
        "content_type": 8,
        "object_id": "158",
        "object_repr": "juma - E22DD3DF",
        "action_flag": 3,
        "change_message": ""
    }
},
{
    "model": "admin.logentry",
    "pk": 171,
    "fields": {
        "action_time": "2026-06-24T10:37:25.043Z",
        "user": 1,
        "content_type": 8,
        "object_id": "157",
        "object_repr": "juma - 3E2C6816",
        "action_flag": 3,
        "change_message": ""
    }
},
{
    "model": "admin.logentry",
    "pk": 172,
    "fields": {
        "action_time": "2026-06-24T10:37:25.043Z",
        "user": 1,
        "content_type": 8,
        "object_id": "156",
        "object_repr": "juma - 68BBCF70",
        "action_flag": 3,
        "change_message": ""
    }
},
{
    "model": "admin.logentry",
    "pk": 173,
    "fields": {
        "action_time": "2026-06-24T10:37:25.043Z",
        "user": 1,
        "content_type": 8,
        "object_id": "155",
        "object_repr": "juma - F7B5ABB5",
        "action_flag": 3,
        "change_message": ""
    }
},
{
    "model": "admin.logentry",
    "pk": 174,
    "fields": {
        "action_time": "2026-06-25T08:40:01.664Z",
        "user": 1,
        "content_type": 9,
        "object_id": "1",
        "object_repr": "Abood 1 (T100)",
        "action_flag": 2,
        "change_message": "[{\"changed\": {\"fields\": [\"Image\"]}}]"
    }
},
{
    "model": "admin.logentry",
    "pk": 175,
    "fields": {
        "action_time": "2026-06-25T09:38:01.810Z",
        "user": 1,
        "content_type": 10,
        "object_id": "3",
        "object_repr": "Maning Nice",
        "action_flag": 1,
        "change_message": "[{\"added\": {}}]"
    }
},
{
    "model": "admin.logentry",
    "pk": 176,
    "fields": {
        "action_time": "2026-06-25T09:39:08.421Z",
        "user": 1,
        "content_type": 9,
        "object_id": "3",
        "object_repr": "Maning Nice 1 (T124)",
        "action_flag": 1,
        "change_message": "[{\"added\": {}}]"
    }
},
{
    "model": "admin.logentry",
    "pk": 177,
    "fields": {
        "action_time": "2026-06-25T09:41:14.422Z",
        "user": 1,
        "content_type": 12,
        "object_id": "3",
        "object_repr": "Dar -> Mwanza | 2026-06-30",
        "action_flag": 1,
        "change_message": "[{\"added\": {}}]"
    }
},
{
    "model": "admin.logentry",
    "pk": 178,
    "fields": {
        "action_time": "2026-06-26T09:20:00.967Z",
        "user": 1,
        "content_type": 13,
        "object_id": "33",
        "object_repr": "Maning Nice 1 - M1",
        "action_flag": 1,
        "change_message": "[{\"added\": {}}]"
    }
},
{
    "model": "admin.logentry",
    "pk": 179,
    "fields": {
        "action_time": "2026-06-26T09:20:13.695Z",
        "user": 1,
        "content_type": 13,
        "object_id": "34",
        "object_repr": "Maning Nice 1 - M2",
        "action_flag": 1,
        "change_message": "[{\"added\": {}}]"
    }
},
{
    "model": "admin.logentry",
    "pk": 180,
    "fields": {
        "action_time": "2026-06-26T09:20:24.365Z",
        "user": 1,
        "content_type": 13,
        "object_id": "35",
        "object_repr": "Maning Nice 1 - M3",
        "action_flag": 1,
        "change_message": "[{\"added\": {}}]"
    }
},
{
    "model": "admin.logentry",
    "pk": 181,
    "fields": {
        "action_time": "2026-06-26T09:20:33.261Z",
        "user": 1,
        "content_type": 13,
        "object_id": "36",
        "object_repr": "Maning Nice 1 - M4",
        "action_flag": 1,
        "change_message": "[{\"added\": {}}]"
    }
},
{
    "model": "admin.logentry",
    "pk": 182,
    "fields": {
        "action_time": "2026-06-26T09:20:43.043Z",
        "user": 1,
        "content_type": 13,
        "object_id": "37",
        "object_repr": "Maning Nice 1 - M5",
        "action_flag": 1,
        "change_message": "[{\"added\": {}}]"
    }
},
{
    "model": "admin.logentry",
    "pk": 183,
    "fields": {
        "action_time": "2026-06-26T09:20:51.819Z",
        "user": 1,
        "content_type": 13,
        "object_id": "38",
        "object_repr": "Maning Nice 1 - M6",
        "action_flag": 1,
        "change_message": "[{\"added\": {}}]"
    }
},
{
    "model": "admin.logentry",
    "pk": 184,
    "fields": {
        "action_time": "2026-06-26T09:22:53.464Z",
        "user": 1,
        "content_type": 13,
        "object_id": "39",
        "object_repr": "Maning Nice 1 - m7",
        "action_flag": 1,
        "change_message": "[{\"added\": {}}]"
    }
},
{
    "model": "admin.logentry",
    "pk": 185,
    "fields": {
        "action_time": "2026-06-26T09:23:11.008Z",
        "user": 1,
        "content_type": 13,
        "object_id": "40",
        "object_repr": "Maning Nice 1 - M8",
        "action_flag": 1,
        "change_message": "[{\"added\": {}}]"
    }
},
{
    "model": "admin.logentry",
    "pk": 186,
    "fields": {
        "action_time": "2026-06-26T09:24:32.051Z",
        "user": 1,
        "content_type": 13,
        "object_id": "39",
        "object_repr": "Maning Nice 1 - M7",
        "action_flag": 2,
        "change_message": "[{\"changed\": {\"fields\": [\"Seat number\"]}}]"
    }
},
{
    "model": "admin.logentry",
    "pk": 187,
    "fields": {
        "action_time": "2026-06-26T09:24:47.966Z",
        "user": 1,
        "content_type": 13,
        "object_id": "41",
        "object_repr": "Maning Nice 1 - M9",
        "action_flag": 1,
        "change_message": "[{\"added\": {}}]"
    }
},
{
    "model": "admin.logentry",
    "pk": 188,
    "fields": {
        "action_time": "2026-06-26T09:24:58.918Z",
        "user": 1,
        "content_type": 13,
        "object_id": "42",
        "object_repr": "Maning Nice 1 - M10",
        "action_flag": 1,
        "change_message": "[{\"added\": {}}]"
    }
},
{
    "model": "admin.logentry",
    "pk": 189,
    "fields": {
        "action_time": "2026-06-26T09:25:18.438Z",
        "user": 1,
        "content_type": 13,
        "object_id": "43",
        "object_repr": "Maning Nice 1 - M11",
        "action_flag": 1,
        "change_message": "[{\"added\": {}}]"
    }
},
{
    "model": "admin.logentry",
    "pk": 190,
    "fields": {
        "action_time": "2026-06-26T09:25:45.839Z",
        "user": 1,
        "content_type": 13,
        "object_id": "44",
        "object_repr": "Maning Nice 1 - M12",
        "action_flag": 1,
        "change_message": "[{\"added\": {}}]"
    }
},
{
    "model": "admin.logentry",
    "pk": 191,
    "fields": {
        "action_time": "2026-06-26T09:25:57.719Z",
        "user": 1,
        "content_type": 13,
        "object_id": "45",
        "object_repr": "Maning Nice 1 - M13",
        "action_flag": 1,
        "change_message": "[{\"added\": {}}]"
    }
},
{
    "model": "admin.logentry",
    "pk": 192,
    "fields": {
        "action_time": "2026-06-26T09:26:07.535Z",
        "user": 1,
        "content_type": 13,
        "object_id": "46",
        "object_repr": "Maning Nice 1 - M14",
        "action_flag": 1,
        "change_message": "[{\"added\": {}}]"
    }
},
{
    "model": "admin.logentry",
    "pk": 193,
    "fields": {
        "action_time": "2026-06-26T09:26:53.791Z",
        "user": 1,
        "content_type": 13,
        "object_id": "47",
        "object_repr": "Maning Nice 1 - M15",
        "action_flag": 1,
        "change_message": "[{\"added\": {}}]"
    }
},
{
    "model": "admin.logentry",
    "pk": 194,
    "fields": {
        "action_time": "2026-06-26T09:27:26.484Z",
        "user": 1,
        "content_type": 13,
        "object_id": "48",
        "object_repr": "Maning Nice 1 - M16",
        "action_flag": 1,
        "change_message": "[{\"added\": {}}]"
    }
},
{
    "model": "admin.logentry",
    "pk": 195,
    "fields": {
        "action_time": "2026-06-26T09:27:36.656Z",
        "user": 1,
        "content_type": 13,
        "object_id": "49",
        "object_repr": "Maning Nice 1 - M17",
        "action_flag": 1,
        "change_message": "[{\"added\": {}}]"
    }
},
{
    "model": "admin.logentry",
    "pk": 196,
    "fields": {
        "action_time": "2026-06-26T09:27:45.938Z",
        "user": 1,
        "content_type": 13,
        "object_id": "50",
        "object_repr": "Maning Nice 1 - M18",
        "action_flag": 1,
        "change_message": "[{\"added\": {}}]"
    }
},
{
    "model": "admin.logentry",
    "pk": 197,
    "fields": {
        "action_time": "2026-06-26T09:27:57.022Z",
        "user": 1,
        "content_type": 13,
        "object_id": "51",
        "object_repr": "Maning Nice 1 - M19",
        "action_flag": 1,
        "change_message": "[{\"added\": {}}]"
    }
},
{
    "model": "admin.logentry",
    "pk": 198,
    "fields": {
        "action_time": "2026-06-26T09:28:06.740Z",
        "user": 1,
        "content_type": 13,
        "object_id": "52",
        "object_repr": "Maning Nice 1 - M20",
        "action_flag": 1,
        "change_message": "[{\"added\": {}}]"
    }
},
{
    "model": "admin.logentry",
    "pk": 199,
    "fields": {
        "action_time": "2026-07-01T05:44:17.020Z",
        "user": 1,
        "content_type": 11,
        "object_id": "3",
        "object_repr": "Dar -> Kibaha",
        "action_flag": 1,
        "change_message": "[{\"added\": {}}]"
    }
},
{
    "model": "admin.logentry",
    "pk": 200,
    "fields": {
        "action_time": "2026-07-01T05:50:16.272Z",
        "user": 1,
        "content_type": 11,
        "object_id": "4",
        "object_repr": "kigoma -> dodoma",
        "action_flag": 1,
        "change_message": "[{\"added\": {}}]"
    }
},
{
    "model": "admin.logentry",
    "pk": 201,
    "fields": {
        "action_time": "2026-07-01T05:51:25.405Z",
        "user": 1,
        "content_type": 12,
        "object_id": "4",
        "object_repr": "kigoma -> dodoma | 2026-07-01",
        "action_flag": 1,
        "change_message": "[{\"added\": {}}]"
    }
},
{
    "model": "admin.logentry",
    "pk": 202,
    "fields": {
        "action_time": "2026-07-01T05:53:47.609Z",
        "user": 1,
        "content_type": 11,
        "object_id": "4",
        "object_repr": "kigoma -> dodoma",
        "action_flag": 2,
        "change_message": "[]"
    }
},
{
    "model": "admin.logentry",
    "pk": 203,
    "fields": {
        "action_time": "2026-07-04T11:24:28.218Z",
        "user": 1,
        "content_type": 12,
        "object_id": "3",
        "object_repr": "Dar -> Mwanza | 2026-07-04",
        "action_flag": 2,
        "change_message": "[{\"changed\": {\"fields\": [\"Travel date\"]}}]"
    }
},
{
    "model": "admin.logentry",
    "pk": 204,
    "fields": {
        "action_time": "2026-07-04T11:26:11.981Z",
        "user": 1,
        "content_type": 12,
        "object_id": "1",
        "object_repr": "Dar -> Mwanza | 2026-07-04",
        "action_flag": 2,
        "change_message": "[{\"changed\": {\"fields\": [\"Travel date\"]}}]"
    }
},
{
    "model": "admin.logentry",
    "pk": 205,
    "fields": {
        "action_time": "2026-07-05T06:32:51.289Z",
        "user": 1,
        "content_type": 12,
        "object_id": "1",
        "object_repr": "Dar -> Mwanza | 2026-07-15",
        "action_flag": 2,
        "change_message": "[{\"changed\": {\"fields\": [\"Travel date\"]}}]"
    }
},
{
    "model": "admin.logentry",
    "pk": 206,
    "fields": {
        "action_time": "2026-07-05T06:33:06.988Z",
        "user": 1,
        "content_type": 12,
        "object_id": "3",
        "object_repr": "Dar -> Mwanza | 2026-07-15",
        "action_flag": 2,
        "change_message": "[{\"changed\": {\"fields\": [\"Travel date\"]}}]"
    }
},
{
    "model": "auth.permission",
    "pk": 1,
    "fields": {
        "name": "Can add log entry",
        "content_type": 1,
        "codename": "add_logentry"
    }
},
{
    "model": "auth.permission",
    "pk": 2,
    "fields": {
        "name": "Can change log entry",
        "content_type": 1,
        "codename": "change_logentry"
    }
},
{
    "model": "auth.permission",
    "pk": 3,
    "fields": {
        "name": "Can delete log entry",
        "content_type": 1,
        "codename": "delete_logentry"
    }
},
{
    "model": "auth.permission",
    "pk": 4,
    "fields": {
        "name": "Can view log entry",
        "content_type": 1,
        "codename": "view_logentry"
    }
},
{
    "model": "auth.permission",
    "pk": 5,
    "fields": {
        "name": "Can add permission",
        "content_type": 3,
        "codename": "add_permission"
    }
},
{
    "model": "auth.permission",
    "pk": 6,
    "fields": {
        "name": "Can change permission",
        "content_type": 3,
        "codename": "change_permission"
    }
},
{
    "model": "auth.permission",
    "pk": 7,
    "fields": {
        "name": "Can delete permission",
        "content_type": 3,
        "codename": "delete_permission"
    }
},
{
    "model": "auth.permission",
    "pk": 8,
    "fields": {
        "name": "Can view permission",
        "content_type": 3,
        "codename": "view_permission"
    }
},
{
    "model": "auth.permission",
    "pk": 9,
    "fields": {
        "name": "Can add group",
        "content_type": 2,
        "codename": "add_group"
    }
},
{
    "model": "auth.permission",
    "pk": 10,
    "fields": {
        "name": "Can change group",
        "content_type": 2,
        "codename": "change_group"
    }
},
{
    "model": "auth.permission",
    "pk": 11,
    "fields": {
        "name": "Can delete group",
        "content_type": 2,
        "codename": "delete_group"
    }
},
{
    "model": "auth.permission",
    "pk": 12,
    "fields": {
        "name": "Can view group",
        "content_type": 2,
        "codename": "view_group"
    }
},
{
    "model": "auth.permission",
    "pk": 13,
    "fields": {
        "name": "Can add user",
        "content_type": 4,
        "codename": "add_user"
    }
},
{
    "model": "auth.permission",
    "pk": 14,
    "fields": {
        "name": "Can change user",
        "content_type": 4,
        "codename": "change_user"
    }
},
{
    "model": "auth.permission",
    "pk": 15,
    "fields": {
        "name": "Can delete user",
        "content_type": 4,
        "codename": "delete_user"
    }
},
{
    "model": "auth.permission",
    "pk": 16,
    "fields": {
        "name": "Can view user",
        "content_type": 4,
        "codename": "view_user"
    }
},
{
    "model": "auth.permission",
    "pk": 17,
    "fields": {
        "name": "Can add content type",
        "content_type": 5,
        "codename": "add_contenttype"
    }
},
{
    "model": "auth.permission",
    "pk": 18,
    "fields": {
        "name": "Can change content type",
        "content_type": 5,
        "codename": "change_contenttype"
    }
},
{
    "model": "auth.permission",
    "pk": 19,
    "fields": {
        "name": "Can delete content type",
        "content_type": 5,
        "codename": "delete_contenttype"
    }
},
{
    "model": "auth.permission",
    "pk": 20,
    "fields": {
        "name": "Can view content type",
        "content_type": 5,
        "codename": "view_contenttype"
    }
},
{
    "model": "auth.permission",
    "pk": 21,
    "fields": {
        "name": "Can add session",
        "content_type": 6,
        "codename": "add_session"
    }
},
{
    "model": "auth.permission",
    "pk": 22,
    "fields": {
        "name": "Can change session",
        "content_type": 6,
        "codename": "change_session"
    }
},
{
    "model": "auth.permission",
    "pk": 23,
    "fields": {
        "name": "Can delete session",
        "content_type": 6,
        "codename": "delete_session"
    }
},
{
    "model": "auth.permission",
    "pk": 24,
    "fields": {
        "name": "Can view session",
        "content_type": 6,
        "codename": "view_session"
    }
},
{
    "model": "auth.permission",
    "pk": 25,
    "fields": {
        "name": "Can add customer",
        "content_type": 7,
        "codename": "add_customer"
    }
},
{
    "model": "auth.permission",
    "pk": 26,
    "fields": {
        "name": "Can change customer",
        "content_type": 7,
        "codename": "change_customer"
    }
},
{
    "model": "auth.permission",
    "pk": 27,
    "fields": {
        "name": "Can delete customer",
        "content_type": 7,
        "codename": "delete_customer"
    }
},
{
    "model": "auth.permission",
    "pk": 28,
    "fields": {
        "name": "Can view customer",
        "content_type": 7,
        "codename": "view_customer"
    }
},
{
    "model": "auth.permission",
    "pk": 29,
    "fields": {
        "name": "Can add bus company",
        "content_type": 10,
        "codename": "add_buscompany"
    }
},
{
    "model": "auth.permission",
    "pk": 30,
    "fields": {
        "name": "Can change bus company",
        "content_type": 10,
        "codename": "change_buscompany"
    }
},
{
    "model": "auth.permission",
    "pk": 31,
    "fields": {
        "name": "Can delete bus company",
        "content_type": 10,
        "codename": "delete_buscompany"
    }
},
{
    "model": "auth.permission",
    "pk": 32,
    "fields": {
        "name": "Can view bus company",
        "content_type": 10,
        "codename": "view_buscompany"
    }
},
{
    "model": "auth.permission",
    "pk": 33,
    "fields": {
        "name": "Can add route",
        "content_type": 11,
        "codename": "add_route"
    }
},
{
    "model": "auth.permission",
    "pk": 34,
    "fields": {
        "name": "Can change route",
        "content_type": 11,
        "codename": "change_route"
    }
},
{
    "model": "auth.permission",
    "pk": 35,
    "fields": {
        "name": "Can delete route",
        "content_type": 11,
        "codename": "delete_route"
    }
},
{
    "model": "auth.permission",
    "pk": 36,
    "fields": {
        "name": "Can view route",
        "content_type": 11,
        "codename": "view_route"
    }
},
{
    "model": "auth.permission",
    "pk": 37,
    "fields": {
        "name": "Can add bus",
        "content_type": 9,
        "codename": "add_bus"
    }
},
{
    "model": "auth.permission",
    "pk": 38,
    "fields": {
        "name": "Can change bus",
        "content_type": 9,
        "codename": "change_bus"
    }
},
{
    "model": "auth.permission",
    "pk": 39,
    "fields": {
        "name": "Can delete bus",
        "content_type": 9,
        "codename": "delete_bus"
    }
},
{
    "model": "auth.permission",
    "pk": 40,
    "fields": {
        "name": "Can view bus",
        "content_type": 9,
        "codename": "view_bus"
    }
},
{
    "model": "auth.permission",
    "pk": 41,
    "fields": {
        "name": "Can add schedule",
        "content_type": 12,
        "codename": "add_schedule"
    }
},
{
    "model": "auth.permission",
    "pk": 42,
    "fields": {
        "name": "Can change schedule",
        "content_type": 12,
        "codename": "change_schedule"
    }
},
{
    "model": "auth.permission",
    "pk": 43,
    "fields": {
        "name": "Can delete schedule",
        "content_type": 12,
        "codename": "delete_schedule"
    }
},
{
    "model": "auth.permission",
    "pk": 44,
    "fields": {
        "name": "Can view schedule",
        "content_type": 12,
        "codename": "view_schedule"
    }
},
{
    "model": "auth.permission",
    "pk": 45,
    "fields": {
        "name": "Can add seat",
        "content_type": 13,
        "codename": "add_seat"
    }
},
{
    "model": "auth.permission",
    "pk": 46,
    "fields": {
        "name": "Can change seat",
        "content_type": 13,
        "codename": "change_seat"
    }
},
{
    "model": "auth.permission",
    "pk": 47,
    "fields": {
        "name": "Can delete seat",
        "content_type": 13,
        "codename": "delete_seat"
    }
},
{
    "model": "auth.permission",
    "pk": 48,
    "fields": {
        "name": "Can view seat",
        "content_type": 13,
        "codename": "view_seat"
    }
},
{
    "model": "auth.permission",
    "pk": 49,
    "fields": {
        "name": "Can add booking",
        "content_type": 8,
        "codename": "add_booking"
    }
},
{
    "model": "auth.permission",
    "pk": 50,
    "fields": {
        "name": "Can change booking",
        "content_type": 8,
        "codename": "change_booking"
    }
},
{
    "model": "auth.permission",
    "pk": 51,
    "fields": {
        "name": "Can delete booking",
        "content_type": 8,
        "codename": "delete_booking"
    }
},
{
    "model": "auth.permission",
    "pk": 52,
    "fields": {
        "name": "Can view booking",
        "content_type": 8,
        "codename": "view_booking"
    }
},
{
    "model": "auth.permission",
    "pk": 53,
    "fields": {
        "name": "Can add ticket",
        "content_type": 14,
        "codename": "add_ticket"
    }
},
{
    "model": "auth.permission",
    "pk": 54,
    "fields": {
        "name": "Can change ticket",
        "content_type": 14,
        "codename": "change_ticket"
    }
},
{
    "model": "auth.permission",
    "pk": 55,
    "fields": {
        "name": "Can delete ticket",
        "content_type": 14,
        "codename": "delete_ticket"
    }
},
{
    "model": "auth.permission",
    "pk": 56,
    "fields": {
        "name": "Can view ticket",
        "content_type": 14,
        "codename": "view_ticket"
    }
},
{
    "model": "auth.permission",
    "pk": 57,
    "fields": {
        "name": "Can add payment",
        "content_type": 15,
        "codename": "add_payment"
    }
},
{
    "model": "auth.permission",
    "pk": 58,
    "fields": {
        "name": "Can change payment",
        "content_type": 15,
        "codename": "change_payment"
    }
},
{
    "model": "auth.permission",
    "pk": 59,
    "fields": {
        "name": "Can delete payment",
        "content_type": 15,
        "codename": "delete_payment"
    }
},
{
    "model": "auth.permission",
    "pk": 60,
    "fields": {
        "name": "Can view payment",
        "content_type": 15,
        "codename": "view_payment"
    }
},
{
    "model": "auth.permission",
    "pk": 61,
    "fields": {
        "name": "Can add refund",
        "content_type": 16,
        "codename": "add_refund"
    }
},
{
    "model": "auth.permission",
    "pk": 62,
    "fields": {
        "name": "Can change refund",
        "content_type": 16,
        "codename": "change_refund"
    }
},
{
    "model": "auth.permission",
    "pk": 63,
    "fields": {
        "name": "Can delete refund",
        "content_type": 16,
        "codename": "delete_refund"
    }
},
{
    "model": "auth.permission",
    "pk": 64,
    "fields": {
        "name": "Can view refund",
        "content_type": 16,
        "codename": "view_refund"
    }
},
{
    "model": "auth.user",
    "pk": 1,
    "fields": {
        "password": "pbkdf2_sha256$1200000$uvQA6GaJmWn2E4p4o7e7LQ$HvcpZ0THWxcydo5tRowuc9xmn/bMYJrltZQXkh+X4ZM=",
        "last_login": "2026-07-05T06:36:25.558Z",
        "is_superuser": true,
        "username": "nathaniel",
        "first_name": "",
        "last_name": "",
        "email": "mtundunathaniel@gmail.com",
        "is_staff": true,
        "is_active": true,
        "date_joined": "2026-05-27T07:30:49.212Z",
        "groups": [],
        "user_permissions": []
    }
},
{
    "model": "auth.user",
    "pk": 13,
    "fields": {
        "password": "pbkdf2_sha256$1200000$IaN37QDQvOYgpHzOLn7vkf$rlBCgSvayNrI8f+gnOSKhsDEJzhC9HgzEsSjHoZ1aMk=",
        "last_login": "2026-06-26T07:41:02.354Z",
        "is_superuser": false,
        "username": "Boy_mtundu",
        "first_name": "NATHANIEL",
        "last_name": "MTUNDU",
        "email": "mtundunathaniel@gmail.com",
        "is_staff": false,
        "is_active": true,
        "date_joined": "2026-06-17T21:41:56.037Z",
        "groups": [],
        "user_permissions": []
    }
},
{
    "model": "auth.user",
    "pk": 14,
    "fields": {
        "password": "pbkdf2_sha256$1200000$oVon5glvfrMHDHrI9N7NFx$3luRkxe/JKDXHQQn09/KLNmIsVeE+HEd3thHdWiu4tE=",
        "last_login": "2026-06-18T06:23:40.816Z",
        "is_superuser": false,
        "username": "gradiness",
        "first_name": "gradiness",
        "last_name": "mtundu",
        "email": "grad@gmail.com",
        "is_staff": false,
        "is_active": true,
        "date_joined": "2026-06-18T06:23:37.651Z",
        "groups": [],
        "user_permissions": []
    }
},
{
    "model": "auth.user",
    "pk": 15,
    "fields": {
        "password": "pbkdf2_sha256$1200000$6AORQrF2VjkmlfXx9huLS2$4tsa+eYB1XVPD//3NqZtnH0MxjHbfyEltTuCuyTaENo=",
        "last_login": "2026-06-20T14:21:42.866Z",
        "is_superuser": false,
        "username": "semkiwa",
        "first_name": "wakili",
        "last_name": "omari",
        "email": "wakilisemkiwa8@gmail.com",
        "is_staff": false,
        "is_active": true,
        "date_joined": "2026-06-20T14:21:41.511Z",
        "groups": [],
        "user_permissions": []
    }
},
{
    "model": "auth.user",
    "pk": 16,
    "fields": {
        "password": "pbkdf2_sha256$1200000$TP7H0ZP7MMStPUTTC1zvph$8Pb0YP17dSd9jkhBDHbhA2v4QfjAOh2+/4YULcKcbxA=",
        "last_login": "2026-06-23T03:50:34.207Z",
        "is_superuser": false,
        "username": "juma",
        "first_name": "juma",
        "last_name": "ndegu",
        "email": "ndegu@gmail.com",
        "is_staff": false,
        "is_active": true,
        "date_joined": "2026-06-21T00:44:44.883Z",
        "groups": [],
        "user_permissions": []
    }
},
{
    "model": "auth.user",
    "pk": 17,
    "fields": {
        "password": "pbkdf2_sha256$1200000$HawHmEQliek7UNeUv47aCV$N1YvK6QcMr9T36Mj9fwT04bkzsU6g49UnSVi7Ueq2BU=",
        "last_login": "2026-06-26T09:05:18.611Z",
        "is_superuser": false,
        "username": "sabrina",
        "first_name": "sabrina",
        "last_name": "juma",
        "email": "juma@gmail.com",
        "is_staff": false,
        "is_active": true,
        "date_joined": "2026-06-26T09:05:15.743Z",
        "groups": [],
        "user_permissions": []
    }
},
{
    "model": "auth.user",
    "pk": 18,
    "fields": {
        "password": "pbkdf2_sha256$1200000$UMRfxVGVRR0maNfFQ74dan$HPx0tm6NwqKw6CGfDCFGnlNlOSJV32/7mkUrrQRkgd0=",
        "last_login": "2026-07-05T05:25:54.295Z",
        "is_superuser": false,
        "username": "John",
        "first_name": "John",
        "last_name": "doe",
        "email": "john@example.com",
        "is_staff": false,
        "is_active": true,
        "date_joined": "2026-07-05T05:25:51.405Z",
        "groups": [],
        "user_permissions": []
    }
},
{
    "model": "contenttypes.contenttype",
    "pk": 1,
    "fields": {
        "app_label": "admin",
        "model": "logentry"
    }
},
{
    "model": "contenttypes.contenttype",
    "pk": 2,
    "fields": {
        "app_label": "auth",
        "model": "group"
    }
},
{
    "model": "contenttypes.contenttype",
    "pk": 3,
    "fields": {
        "app_label": "auth",
        "model": "permission"
    }
},
{
    "model": "contenttypes.contenttype",
    "pk": 4,
    "fields": {
        "app_label": "auth",
        "model": "user"
    }
},
{
    "model": "contenttypes.contenttype",
    "pk": 5,
    "fields": {
        "app_label": "contenttypes",
        "model": "contenttype"
    }
},
{
    "model": "contenttypes.contenttype",
    "pk": 6,
    "fields": {
        "app_label": "sessions",
        "model": "session"
    }
},
{
    "model": "contenttypes.contenttype",
    "pk": 7,
    "fields": {
        "app_label": "accounts",
        "model": "customer"
    }
},
{
    "model": "contenttypes.contenttype",
    "pk": 8,
    "fields": {
        "app_label": "booking",
        "model": "booking"
    }
},
{
    "model": "contenttypes.contenttype",
    "pk": 9,
    "fields": {
        "app_label": "booking",
        "model": "bus"
    }
},
{
    "model": "contenttypes.contenttype",
    "pk": 10,
    "fields": {
        "app_label": "booking",
        "model": "buscompany"
    }
},
{
    "model": "contenttypes.contenttype",
    "pk": 11,
    "fields": {
        "app_label": "booking",
        "model": "route"
    }
},
{
    "model": "contenttypes.contenttype",
    "pk": 12,
    "fields": {
        "app_label": "booking",
        "model": "schedule"
    }
},
{
    "model": "contenttypes.contenttype",
    "pk": 13,
    "fields": {
        "app_label": "booking",
        "model": "seat"
    }
},
{
    "model": "contenttypes.contenttype",
    "pk": 14,
    "fields": {
        "app_label": "booking",
        "model": "ticket"
    }
},
{
    "model": "contenttypes.contenttype",
    "pk": 15,
    "fields": {
        "app_label": "payments",
        "model": "payment"
    }
},
{
    "model": "contenttypes.contenttype",
    "pk": 16,
    "fields": {
        "app_label": "payments",
        "model": "refund"
    }
},
{
    "model": "sessions.session",
    "pk": "47oso9b8gcugd6ddpz0n6ls6p5vkr1xn",
    "fields": {
        "session_data": ".eJxVjMsOwiAQAP9lz4bwLKVH734D2WVBqoYmpT0Z_9006UGvM5N5Q8R9q3HveY0zwwQKLr-MMD1zOwQ_sN0XkZa2rTOJIxGn7eK2cH5dz_ZvULFXmIB4yKN0ZFRA7UfF3hUlS_I0uFKyJ0shGYtOSWlKZi0paPZoWRF5NPD5Auz3OFA:1wXPVo:xrwzRy2LWpRExoRzP3pAaVXbGuIOZ-vlGnycikX0njI",
        "expire_date": "2026-06-24T20:26:56.976Z"
    }
},
{
    "model": "sessions.session",
    "pk": "7jubrit886969la8xq22dahgq24qtnk3",
    "fields": {
        "session_data": ".eJxVjMsOwiAQAP9lz4bwLKVH734D2WVBqoYmpT0Z_9006UGvM5N5Q8R9q3HveY0zwwQKLr-MMD1zOwQ_sN0XkZa2rTOJIxGn7eK2cH5dz_ZvULFXmIB4yKN0ZFRA7UfF3hUlS_I0uFKyJ0shGYtOSWlKZi0paPZoWRF5NPD5Auz3OFA:1wT1PF:y9CLJlDxqy57AOCqv4sqm1peq0uYkHldQvPyiw5g7Ro",
        "expire_date": "2026-06-12T17:54:01.928Z"
    }
},
{
    "model": "sessions.session",
    "pk": "871dz32xityscw1pwa54iz8qotrvm4mz",
    "fields": {
        "session_data": ".eJxVjMsOwiAQAP9lz4bwLKVH734D2WVBqoYmpT0Z_9006UGvM5N5Q8R9q3HveY0zwwQKLr-MMD1zOwQ_sN0XkZa2rTOJIxGn7eK2cH5dz_ZvULFXmIB4yKN0ZFRA7UfF3hUlS_I0uFKyJ0shGYtOSWlKZi0paPZoWRF5NPD5Auz3OFA:1wgFyN:XqJOo8vsuTytzLY5c2p5iWpRMBVIIcHoOSLPyPqx80Q",
        "expire_date": "2026-07-19T06:04:59.429Z"
    }
},
{
    "model": "sessions.session",
    "pk": "ai9bckdasl5c5xsh7486ostegi7mbktd",
    "fields": {
        "session_data": ".eJxVjMsOwiAQAP9lz4bwLKVH734D2WVBqoYmpT0Z_9006UGvM5N5Q8R9q3HveY0zwwQKLr-MMD1zOwQ_sN0XkZa2rTOJIxGn7eK2cH5dz_ZvULFXmIB4yKN0ZFRA7UfF3hUlS_I0uFKyJ0shGYtOSWlKZi0paPZoWRF5NPD5Auz3OFA:1wbtWX:VZ7BRX739ElAuwSf2-SfzSxRy_bqh4OrwQEhB0mh8bk",
        "expire_date": "2026-07-07T05:18:13.645Z"
    }
},
{
    "model": "sessions.session",
    "pk": "c661vhafhnnr0cbslnsm2cr65xnjsuwh",
    "fields": {
        "session_data": ".eJxVjMsOwiAQAP9lz4bwLKVH734D2WVBqoYmpT0Z_9006UGvM5N5Q8R9q3HveY0zwwQKLr-MMD1zOwQ_sN0XkZa2rTOJIxGn7eK2cH5dz_ZvULFXmIB4yKN0ZFRA7UfF3hUlS_I0uFKyJ0shGYtOSWlKZi0paPZoWRF5NPD5Auz3OFA:1wgGSn:p7Tqp3AbZCyT_jnqVOuW9IVVYkw-A-s85TEduMco1jw",
        "expire_date": "2026-07-19T06:36:25.563Z"
    }
},
{
    "model": "sessions.session",
    "pk": "flo6jimk6xgz0lzs838u8blt6eieddmc",
    "fields": {
        "session_data": ".eJxVjMsOwiAQAP9lz4bwLKVH734D2WVBqoYmpT0Z_9006UGvM5N5Q8R9q3HveY0zwwQKLr-MMD1zOwQ_sN0XkZa2rTOJIxGn7eK2cH5dz_ZvULFXmIB4yKN0ZFRA7UfF3hUlS_I0uFKyJ0shGYtOSWlKZi0paPZoWRF5NPD5Auz3OFA:1wg73M:j7z9G6q9gnuNh1v9FI3xykwR_yQwR6a9l6wc5wVey7A",
        "expire_date": "2026-07-18T20:33:32.237Z"
    }
},
{
    "model": "sessions.session",
    "pk": "gza866pype7od4hvdhxtdm14lt508kxp",
    "fields": {
        "session_data": ".eJxVjMsOwiAQAP9lz4bwLKVH734D2WVBqoYmpT0Z_9006UGvM5N5Q8R9q3HveY0zwwQKLr-MMD1zOwQ_sN0XkZa2rTOJIxGn7eK2cH5dz_ZvULFXmIB4yKN0ZFRA7UfF3hUlS_I0uFKyJ0shGYtOSWlKZi0paPZoWRF5NPD5Auz3OFA:1wY01T:wD_QnjQ1J8ZiM6as-02LOCeyyFXN389GsKPHx3pixBA",
        "expire_date": "2026-06-26T11:26:03.735Z"
    }
},
{
    "model": "sessions.session",
    "pk": "hp8dw9te7ksb53ck7cvenk6y74dzs4jk",
    "fields": {
        "session_data": ".eJxVjMsOwiAQAP9lz4bwLKVH734D2WVBqoYmpT0Z_9006UGvM5N5Q8R9q3HveY0zwwQKLr-MMD1zOwQ_sN0XkZa2rTOJIxGn7eK2cH5dz_ZvULFXmIB4yKN0ZFRA7UfF3hUlS_I0uFKyJ0shGYtOSWlKZi0paPZoWRF5NPD5Auz3OFA:1wg76d:XudIaIANGs-ut77vi4Q93eMAOImBl2LUPbuiEX3BYnE",
        "expire_date": "2026-07-18T20:36:55.259Z"
    }
},
{
    "model": "sessions.session",
    "pk": "l0ec8wape0xz3rnrhihi3e4mtsgu5ynl",
    "fields": {
        "session_data": ".eJxVjMsOwiAQAP9lz4bwLKVH734D2WVBqoYmpT0Z_9006UGvM5N5Q8R9q3HveY0zwwQKLr-MMD1zOwQ_sN0XkZa2rTOJIxGn7eK2cH5dz_ZvULFXmIB4yKN0ZFRA7UfF3hUlS_I0uFKyJ0shGYtOSWlKZi0paPZoWRF5NPD5Auz3OFA:1wZ0t5:4590jJqby5grYl45qa-drbq6EnPUeA3-pLqKwAEuw3I",
        "expire_date": "2026-06-29T06:33:35.419Z"
    }
},
{
    "model": "sessions.session",
    "pk": "np4qywpzpeoikiex1ou3gxx8zscwz0rj",
    "fields": {
        "session_data": ".eJxVjDkOwjAQAP-yNbJ8xFdK-rzBWu8aHECOFCcV4u8oUgpoZ0bzhoT7VtPey5pmhhFUgMsvzEjP0g7DD2z3RdDStnXO4kjEabuYFi6v69n-DSr2CiOQipbikIPULkqWQROziZacMaxYe7IYSElfqHgbTJFG64wuS0t8owE-X_f5N_0:1wgFMY:_KEc-wWfvukZpr4y74nmmLoOS6EAWrbZUu_e0z6P3Ik",
        "expire_date": "2026-07-19T05:25:54.332Z"
    }
},
{
    "model": "sessions.session",
    "pk": "qtlsyq17bmaxkilsghkb6t63oa7plkdl",
    "fields": {
        "session_data": ".eJxVjMsOwiAQAP9lz4bwLKVH734D2WVBqoYmpT0Z_9006UGvM5N5Q8R9q3HveY0zwwQKLr-MMD1zOwQ_sN0XkZa2rTOJIxGn7eK2cH5dz_ZvULFXmIB4yKN0ZFRA7UfF3hUlS_I0uFKyJ0shGYtOSWlKZi0paPZoWRF5NPD5Auz3OFA:1wS8jQ:bQrx_PUaL3AvyXdAKdlgJsXUldCPx7miPIV5sQeVWic",
        "expire_date": "2026-06-10T07:31:12.119Z"
    }
},
{
    "model": "sessions.session",
    "pk": "rrvkkbe34cfw93twijqnxymfdz0k3hfj",
    "fields": {
        "session_data": ".eJxVjMsOwiAQAP9lz4bwLKVH734D2WVBqoYmpT0Z_9006UGvM5N5Q8R9q3HveY0zwwQKLr-MMD1zOwQ_sN0XkZa2rTOJIxGn7eK2cH5dz_ZvULFXmIB4yKN0ZFRA7UfF3hUlS_I0uFKyJ0shGYtOSWlKZi0paPZoWRF5NPD5Auz3OFA:1wY1ee:nS3vT3qEuPR8QdtHBc_rVS9dniH3rRz_ZXgAqLpGGnI",
        "expire_date": "2026-06-26T13:10:36.472Z"
    }
},
{
    "model": "sessions.session",
    "pk": "sxj171vehizh0pkz0ra2r0303nukez8i",
    "fields": {
        "session_data": ".eJxVjMsOgjAQAP9lz6bpg3YXjt79BrK0XUFNm1A4Gf_dkHDQ68xk3jDyvs3j3vI6LgkGMAEuv3Di-MzlMOnB5V5VrGVbl0kdiTptU7ea8ut6tn-DmdsMA1A2vU0hIknnqfc6SLBaLGKXXCLxlHutkR07Y-IkJOgdsqDFYIQ7-HwB6r43aA:1wb6Ip:_ginhgYLoF0YBwc69mM37RP2hgvjpvoJXuOkr0B2TUs",
        "expire_date": "2026-07-05T00:44:47.685Z"
    }
},
{
    "model": "sessions.session",
    "pk": "t3qjj7czhjpgdr7w71v53i7ejre3y859",
    "fields": {
        "session_data": ".eJxVjMsOgjAQAP9lz6bpg3YXjt79BrK0XUFNm1A4Gf_dkHDQ68xk3jDyvs3j3vI6LgkGMAEuv3Di-MzlMOnB5V5VrGVbl0kdiTptU7ea8ut6tn-DmdsMA1A2vU0hIknnqfc6SLBaLGKXXCLxlHutkR07Y-IkJOgdsqDFYIQ7-HwB6r43aA:1wbrT8:Y-CZ7SDukToYk2hrpM2HIGb2vGpKdzGvBjhaYDH6IQ4",
        "expire_date": "2026-07-07T03:06:34.717Z"
    }
},
{
    "model": "sessions.session",
    "pk": "zqg6bzi3lyeej1sfx4gakaharhhy7zkl",
    "fields": {
        "session_data": ".eJxVjMsOwiAQAP9lz4bwLKVH734D2WVBqoYmpT0Z_9006UGvM5N5Q8R9q3HveY0zwwQKLr-MMD1zOwQ_sN0XkZa2rTOJIxGn7eK2cH5dz_ZvULFXmIB4yKN0ZFRA7UfF3hUlS_I0uFKyJ0shGYtOSWlKZi0paPZoWRF5NPD5Auz3OFA:1wenhc:EvrX2oke_Kd2Vhwgn2377SYE0nzefkW06i1uymk9tXw",
        "expire_date": "2026-07-15T05:41:40.020Z"
    }
},
{
    "model": "accounts.customer",
    "pk": 1,
    "fields": {
        "user": 1,
        "phone_number": "+255760054282",
        "profile_picture": "",
        "created_at": "2026-05-27T07:31:42.783Z"
    }
},
{
    "model": "accounts.customer",
    "pk": 8,
    "fields": {
        "user": 13,
        "phone_number": "+255760054282",
        "profile_picture": "",
        "created_at": "2026-06-17T21:41:58.692Z"
    }
},
{
    "model": "accounts.customer",
    "pk": 9,
    "fields": {
        "user": 14,
        "phone_number": "+255760054282",
        "profile_picture": "",
        "created_at": "2026-06-18T06:23:40.797Z"
    }
},
{
    "model": "accounts.customer",
    "pk": 10,
    "fields": {
        "user": 15,
        "phone_number": "+255760054282",
        "profile_picture": "",
        "created_at": "2026-06-20T14:21:42.853Z"
    }
},
{
    "model": "accounts.customer",
    "pk": 11,
    "fields": {
        "user": 16,
        "phone_number": "+255760054282",
        "profile_picture": "",
        "created_at": "2026-06-21T00:44:47.669Z"
    }
},
{
    "model": "accounts.customer",
    "pk": 12,
    "fields": {
        "user": 17,
        "phone_number": "+255760054282",
        "profile_picture": "",
        "created_at": "2026-06-26T09:05:18.596Z"
    }
},
{
    "model": "accounts.customer",
    "pk": 13,
    "fields": {
        "user": 18,
        "phone_number": "0712567869",
        "profile_picture": "",
        "created_at": "2026-07-05T05:25:54.261Z"
    }
},
{
    "model": "booking.buscompany",
    "pk": 1,
    "fields": {
        "name": "Abood",
        "logo": "",
        "phone_number": "+255760054282",
        "email": "mtundunathaniel@gmail.com",
        "address": "5 Shaaban Robert St",
        "created_at": "2026-05-27T07:32:30.281Z"
    }
},
{
    "model": "booking.buscompany",
    "pk": 2,
    "fields": {
        "name": "ttt",
        "logo": "",
        "phone_number": "tttt",
        "email": "dddd@yyy.com",
        "address": "dddd",
        "created_at": "2026-06-23T10:24:19.334Z"
    }
},
{
    "model": "booking.buscompany",
    "pk": 3,
    "fields": {
        "name": "Maning Nice",
        "logo": "",
        "phone_number": "+255760054282",
        "email": "mtundunathaniel@gmail.com",
        "address": "5 Shaaban Robert St",
        "created_at": "2026-06-25T09:38:01.806Z"
    }
},
{
    "model": "booking.bus",
    "pk": 1,
    "fields": {
        "company": 1,
        "plate_number": "T100",
        "bus_name": "Abood 1",
        "total_seats": 70,
        "bus_type": "Normal",
        "image": "bus_images/R.png",
        "created_at": "2026-05-27T07:33:03.449Z"
    }
},
{
    "model": "booking.bus",
    "pk": 2,
    "fields": {
        "company": 2,
        "plate_number": "uuu",
        "bus_name": "666",
        "total_seats": 60,
        "bus_type": "VIP",
        "image": "",
        "created_at": "2026-06-23T10:26:07.104Z"
    }
},
{
    "model": "booking.bus",
    "pk": 3,
    "fields": {
        "company": 3,
        "plate_number": "T124",
        "bus_name": "Maning Nice 1",
        "total_seats": 80,
        "bus_type": "Normal",
        "image": "bus_images/OIP.png",
        "created_at": "2026-06-25T09:39:08.418Z"
    }
},
{
    "model": "booking.route",
    "pk": 1,
    "fields": {
        "origin": "Dar",
        "destination": "Mwanza",
        "distance_km": 2134,
        "estimated_duration": "1 02:00:00"
    }
},
{
    "model": "booking.route",
    "pk": 2,
    "fields": {
        "origin": "Mwanza",
        "destination": "Dar",
        "distance_km": 123456,
        "estimated_duration": "1 02:00:00"
    }
},
{
    "model": "booking.route",
    "pk": 3,
    "fields": {
        "origin": "Dar",
        "destination": "Kibaha",
        "distance_km": null,
        "estimated_duration": null
    }
},
{
    "model": "booking.route",
    "pk": 4,
    "fields": {
        "origin": "kigoma",
        "destination": "dodoma",
        "distance_km": null,
        "estimated_duration": null
    }
},
{
    "model": "booking.schedule",
    "pk": 1,
    "fields": {
        "bus": 1,
        "route": 1,
        "travel_date": "2026-07-15",
        "departure_time": "10:34:48",
        "arrival_time": "02:14:35",
        "price": "90000.00",
        "status": "Scheduled",
        "is_available": true,
        "created_at": "2026-05-27T07:35:01.868Z"
    }
},
{
    "model": "booking.schedule",
    "pk": 2,
    "fields": {
        "bus": 1,
        "route": 2,
        "travel_date": "2026-06-30",
        "departure_time": "16:30:43",
        "arrival_time": "02:14:35",
        "price": "90000.00",
        "status": "Scheduled",
        "is_available": true,
        "created_at": "2026-06-12T05:15:37.285Z"
    }
},
{
    "model": "booking.schedule",
    "pk": 3,
    "fields": {
        "bus": 3,
        "route": 1,
        "travel_date": "2026-07-15",
        "departure_time": "10:30:00",
        "arrival_time": "07:14:35",
        "price": "70000.00",
        "status": "Scheduled",
        "is_available": true,
        "created_at": "2026-06-25T09:41:14.403Z"
    }
},
{
    "model": "booking.schedule",
    "pk": 4,
    "fields": {
        "bus": 2,
        "route": 4,
        "travel_date": "2026-07-01",
        "departure_time": "08:51:17",
        "arrival_time": "07:14:35",
        "price": "123456.00",
        "status": "Scheduled",
        "is_available": true,
        "created_at": "2026-07-01T05:51:25.394Z"
    }
},
{
    "model": "booking.schedule",
    "pk": 5,
    "fields": {
        "bus": 2,
        "route": 2,
        "travel_date": "2026-07-15",
        "departure_time": "08:00:00",
        "arrival_time": "16:00:00",
        "price": "70000.00",
        "status": "Scheduled",
        "is_available": true,
        "created_at": "2026-07-02T09:03:04.089Z"
    }
},
{
    "model": "booking.schedule",
    "pk": 6,
    "fields": {
        "bus": 2,
        "route": 2,
        "travel_date": "2026-07-15",
        "departure_time": "08:00:00",
        "arrival_time": "16:00:00",
        "price": "70000.00",
        "status": "Scheduled",
        "is_available": true,
        "created_at": "2026-07-02T09:27:01.304Z"
    }
},
{
    "model": "booking.schedule",
    "pk": 7,
    "fields": {
        "bus": 2,
        "route": 2,
        "travel_date": "2026-07-15",
        "departure_time": "08:00:00",
        "arrival_time": "16:00:00",
        "price": "70000.00",
        "status": "Scheduled",
        "is_available": true,
        "created_at": "2026-07-02T09:27:20.367Z"
    }
},
{
    "model": "booking.schedule",
    "pk": 8,
    "fields": {
        "bus": 2,
        "route": 2,
        "travel_date": "2026-07-15",
        "departure_time": "08:00:00",
        "arrival_time": "16:00:00",
        "price": "70000.00",
        "status": "Scheduled",
        "is_available": true,
        "created_at": "2026-07-02T09:27:30.753Z"
    }
},
{
    "model": "booking.schedule",
    "pk": 9,
    "fields": {
        "bus": 2,
        "route": 1,
        "travel_date": "2026-07-15",
        "departure_time": "08:00:00",
        "arrival_time": "16:00:00",
        "price": "70000.00",
        "status": "Scheduled",
        "is_available": true,
        "created_at": "2026-07-02T09:33:22.673Z"
    }
},
{
    "model": "booking.schedule",
    "pk": 10,
    "fields": {
        "bus": 2,
        "route": 2,
        "travel_date": "2026-07-15",
        "departure_time": "08:00:00",
        "arrival_time": "16:00:00",
        "price": "110000.00",
        "status": "Scheduled",
        "is_available": true,
        "created_at": "2026-07-02T11:34:33.731Z"
    }
},
{
    "model": "booking.schedule",
    "pk": 11,
    "fields": {
        "bus": 2,
        "route": 2,
        "travel_date": "2026-07-15",
        "departure_time": "08:00:00",
        "arrival_time": "16:00:00",
        "price": "80000.00",
        "status": "Scheduled",
        "is_available": true,
        "created_at": "2026-07-02T11:43:03.961Z"
    }
},
{
    "model": "booking.seat",
    "pk": 1,
    "fields": {
        "bus": 1,
        "seat_number": "A1",
        "is_window": false,
        "created_at": "2026-05-27T08:36:42.848Z"
    }
},
{
    "model": "booking.seat",
    "pk": 2,
    "fields": {
        "bus": 1,
        "seat_number": "A2",
        "is_window": false,
        "created_at": "2026-05-27T08:37:02.913Z"
    }
},
{
    "model": "booking.seat",
    "pk": 3,
    "fields": {
        "bus": 1,
        "seat_number": "A3",
        "is_window": false,
        "created_at": "2026-05-27T08:37:13.573Z"
    }
},
{
    "model": "booking.seat",
    "pk": 4,
    "fields": {
        "bus": 1,
        "seat_number": "A4",
        "is_window": false,
        "created_at": "2026-05-27T08:37:28.211Z"
    }
},
{
    "model": "booking.seat",
    "pk": 5,
    "fields": {
        "bus": 1,
        "seat_number": "A5",
        "is_window": false,
        "created_at": "2026-05-27T08:37:36.559Z"
    }
},
{
    "model": "booking.seat",
    "pk": 6,
    "fields": {
        "bus": 1,
        "seat_number": "A6",
        "is_window": false,
        "created_at": "2026-05-27T08:37:47.777Z"
    }
},
{
    "model": "booking.seat",
    "pk": 7,
    "fields": {
        "bus": 1,
        "seat_number": "A7",
        "is_window": false,
        "created_at": "2026-05-27T08:38:02.636Z"
    }
},
{
    "model": "booking.seat",
    "pk": 8,
    "fields": {
        "bus": 1,
        "seat_number": "A8",
        "is_window": false,
        "created_at": "2026-05-27T08:38:50.145Z"
    }
},
{
    "model": "booking.seat",
    "pk": 9,
    "fields": {
        "bus": 1,
        "seat_number": "A9",
        "is_window": false,
        "created_at": "2026-05-27T08:39:05.044Z"
    }
},
{
    "model": "booking.seat",
    "pk": 10,
    "fields": {
        "bus": 1,
        "seat_number": "A10",
        "is_window": false,
        "created_at": "2026-05-27T08:39:13.062Z"
    }
},
{
    "model": "booking.seat",
    "pk": 11,
    "fields": {
        "bus": 1,
        "seat_number": "A11",
        "is_window": false,
        "created_at": "2026-05-27T08:39:43.207Z"
    }
},
{
    "model": "booking.seat",
    "pk": 12,
    "fields": {
        "bus": 1,
        "seat_number": "A12",
        "is_window": false,
        "created_at": "2026-05-27T08:39:50.656Z"
    }
},
{
    "model": "booking.seat",
    "pk": 13,
    "fields": {
        "bus": 1,
        "seat_number": "A13",
        "is_window": false,
        "created_at": "2026-05-27T11:23:58.477Z"
    }
},
{
    "model": "booking.seat",
    "pk": 14,
    "fields": {
        "bus": 1,
        "seat_number": "A14",
        "is_window": false,
        "created_at": "2026-05-27T11:24:27.607Z"
    }
},
{
    "model": "booking.seat",
    "pk": 15,
    "fields": {
        "bus": 1,
        "seat_number": "A15",
        "is_window": false,
        "created_at": "2026-05-27T11:24:36.918Z"
    }
},
{
    "model": "booking.seat",
    "pk": 16,
    "fields": {
        "bus": 1,
        "seat_number": "A16",
        "is_window": false,
        "created_at": "2026-05-27T11:24:43.685Z"
    }
},
{
    "model": "booking.seat",
    "pk": 17,
    "fields": {
        "bus": 1,
        "seat_number": "A17",
        "is_window": false,
        "created_at": "2026-05-27T11:25:10.184Z"
    }
},
{
    "model": "booking.seat",
    "pk": 18,
    "fields": {
        "bus": 1,
        "seat_number": "A18",
        "is_window": false,
        "created_at": "2026-05-27T11:26:57.916Z"
    }
},
{
    "model": "booking.seat",
    "pk": 19,
    "fields": {
        "bus": 1,
        "seat_number": "A19",
        "is_window": false,
        "created_at": "2026-05-27T11:27:06.248Z"
    }
},
{
    "model": "booking.seat",
    "pk": 20,
    "fields": {
        "bus": 1,
        "seat_number": "A20",
        "is_window": false,
        "created_at": "2026-05-27T11:27:18.677Z"
    }
},
{
    "model": "booking.seat",
    "pk": 21,
    "fields": {
        "bus": 1,
        "seat_number": "A21",
        "is_window": false,
        "created_at": "2026-05-27T11:27:30.267Z"
    }
},
{
    "model": "booking.seat",
    "pk": 22,
    "fields": {
        "bus": 1,
        "seat_number": "A22",
        "is_window": false,
        "created_at": "2026-05-27T11:27:39.500Z"
    }
},
{
    "model": "booking.seat",
    "pk": 23,
    "fields": {
        "bus": 1,
        "seat_number": "A23",
        "is_window": false,
        "created_at": "2026-05-27T11:27:56.032Z"
    }
},
{
    "model": "booking.seat",
    "pk": 24,
    "fields": {
        "bus": 1,
        "seat_number": "A24",
        "is_window": false,
        "created_at": "2026-05-27T11:28:08.050Z"
    }
},
{
    "model": "booking.seat",
    "pk": 25,
    "fields": {
        "bus": 1,
        "seat_number": "A25",
        "is_window": false,
        "created_at": "2026-05-27T11:28:22.433Z"
    }
},
{
    "model": "booking.seat",
    "pk": 26,
    "fields": {
        "bus": 1,
        "seat_number": "A26",
        "is_window": false,
        "created_at": "2026-05-27T11:28:42.710Z"
    }
},
{
    "model": "booking.seat",
    "pk": 27,
    "fields": {
        "bus": 1,
        "seat_number": "A27",
        "is_window": false,
        "created_at": "2026-05-27T11:28:51.012Z"
    }
},
{
    "model": "booking.seat",
    "pk": 28,
    "fields": {
        "bus": 1,
        "seat_number": "A28",
        "is_window": false,
        "created_at": "2026-05-27T11:28:59.208Z"
    }
},
{
    "model": "booking.seat",
    "pk": 29,
    "fields": {
        "bus": 1,
        "seat_number": "A29",
        "is_window": false,
        "created_at": "2026-05-27T11:29:07.410Z"
    }
},
{
    "model": "booking.seat",
    "pk": 30,
    "fields": {
        "bus": 1,
        "seat_number": "A30",
        "is_window": false,
        "created_at": "2026-05-27T11:29:17.425Z"
    }
},
{
    "model": "booking.seat",
    "pk": 31,
    "fields": {
        "bus": 1,
        "seat_number": "A31",
        "is_window": false,
        "created_at": "2026-05-27T11:29:48.451Z"
    }
},
{
    "model": "booking.seat",
    "pk": 32,
    "fields": {
        "bus": 1,
        "seat_number": "A32",
        "is_window": false,
        "created_at": "2026-05-27T11:29:56.112Z"
    }
},
{
    "model": "booking.seat",
    "pk": 33,
    "fields": {
        "bus": 3,
        "seat_number": "M1",
        "is_window": false,
        "created_at": "2026-06-26T09:20:00.964Z"
    }
},
{
    "model": "booking.seat",
    "pk": 34,
    "fields": {
        "bus": 3,
        "seat_number": "M2",
        "is_window": false,
        "created_at": "2026-06-26T09:20:13.693Z"
    }
},
{
    "model": "booking.seat",
    "pk": 35,
    "fields": {
        "bus": 3,
        "seat_number": "M3",
        "is_window": false,
        "created_at": "2026-06-26T09:20:24.362Z"
    }
},
{
    "model": "booking.seat",
    "pk": 36,
    "fields": {
        "bus": 3,
        "seat_number": "M4",
        "is_window": false,
        "created_at": "2026-06-26T09:20:33.258Z"
    }
},
{
    "model": "booking.seat",
    "pk": 37,
    "fields": {
        "bus": 3,
        "seat_number": "M5",
        "is_window": false,
        "created_at": "2026-06-26T09:20:43.040Z"
    }
},
{
    "model": "booking.seat",
    "pk": 38,
    "fields": {
        "bus": 3,
        "seat_number": "M6",
        "is_window": false,
        "created_at": "2026-06-26T09:20:51.815Z"
    }
},
{
    "model": "booking.seat",
    "pk": 39,
    "fields": {
        "bus": 3,
        "seat_number": "M7",
        "is_window": false,
        "created_at": "2026-06-26T09:22:53.462Z"
    }
},
{
    "model": "booking.seat",
    "pk": 40,
    "fields": {
        "bus": 3,
        "seat_number": "M8",
        "is_window": false,
        "created_at": "2026-06-26T09:23:11.006Z"
    }
},
{
    "model": "booking.seat",
    "pk": 41,
    "fields": {
        "bus": 3,
        "seat_number": "M9",
        "is_window": false,
        "created_at": "2026-06-26T09:24:47.963Z"
    }
},
{
    "model": "booking.seat",
    "pk": 42,
    "fields": {
        "bus": 3,
        "seat_number": "M10",
        "is_window": false,
        "created_at": "2026-06-26T09:24:58.914Z"
    }
},
{
    "model": "booking.seat",
    "pk": 43,
    "fields": {
        "bus": 3,
        "seat_number": "M11",
        "is_window": false,
        "created_at": "2026-06-26T09:25:18.434Z"
    }
},
{
    "model": "booking.seat",
    "pk": 44,
    "fields": {
        "bus": 3,
        "seat_number": "M12",
        "is_window": false,
        "created_at": "2026-06-26T09:25:45.835Z"
    }
},
{
    "model": "booking.seat",
    "pk": 45,
    "fields": {
        "bus": 3,
        "seat_number": "M13",
        "is_window": false,
        "created_at": "2026-06-26T09:25:57.717Z"
    }
},
{
    "model": "booking.seat",
    "pk": 46,
    "fields": {
        "bus": 3,
        "seat_number": "M14",
        "is_window": false,
        "created_at": "2026-06-26T09:26:07.532Z"
    }
},
{
    "model": "booking.seat",
    "pk": 47,
    "fields": {
        "bus": 3,
        "seat_number": "M15",
        "is_window": false,
        "created_at": "2026-06-26T09:26:53.788Z"
    }
},
{
    "model": "booking.seat",
    "pk": 48,
    "fields": {
        "bus": 3,
        "seat_number": "M16",
        "is_window": false,
        "created_at": "2026-06-26T09:27:26.481Z"
    }
},
{
    "model": "booking.seat",
    "pk": 49,
    "fields": {
        "bus": 3,
        "seat_number": "M17",
        "is_window": false,
        "created_at": "2026-06-26T09:27:36.654Z"
    }
},
{
    "model": "booking.seat",
    "pk": 50,
    "fields": {
        "bus": 3,
        "seat_number": "M18",
        "is_window": false,
        "created_at": "2026-06-26T09:27:45.935Z"
    }
},
{
    "model": "booking.seat",
    "pk": 51,
    "fields": {
        "bus": 3,
        "seat_number": "M19",
        "is_window": false,
        "created_at": "2026-06-26T09:27:57.019Z"
    }
},
{
    "model": "booking.seat",
    "pk": 52,
    "fields": {
        "bus": 3,
        "seat_number": "M20",
        "is_window": false,
        "created_at": "2026-06-26T09:28:06.736Z"
    }
},
{
    "model": "booking.booking",
    "pk": 176,
    "fields": {
        "customer": 1,
        "schedule": 1,
        "seat": 5,
        "booking_status": "Cancelled",
        "booking_reference": "065F7A7F",
        "expires_at": "2026-06-24T10:39:45.298Z",
        "booked_at": "2026-06-24T10:37:45.299Z"
    }
},
{
    "model": "booking.booking",
    "pk": 177,
    "fields": {
        "customer": 1,
        "schedule": 1,
        "seat": 2,
        "booking_status": "Cancelled",
        "booking_reference": "39E9B786",
        "expires_at": "2026-06-24T10:54:08.137Z",
        "booked_at": "2026-06-24T10:52:08.137Z"
    }
},
{
    "model": "booking.booking",
    "pk": 178,
    "fields": {
        "customer": 11,
        "schedule": 1,
        "seat": 1,
        "booking_status": "Confirmed",
        "booking_reference": "D225710C",
        "expires_at": "2026-06-25T07:46:28.873Z",
        "booked_at": "2026-06-25T07:44:28.874Z"
    }
},
{
    "model": "booking.booking",
    "pk": 179,
    "fields": {
        "customer": 1,
        "schedule": 1,
        "seat": 25,
        "booking_status": "Confirmed",
        "booking_reference": "179A4284",
        "expires_at": "2026-06-25T08:54:23.407Z",
        "booked_at": "2026-06-25T08:52:23.408Z"
    }
},
{
    "model": "booking.booking",
    "pk": 180,
    "fields": {
        "customer": 1,
        "schedule": 1,
        "seat": 2,
        "booking_status": "Cancelled",
        "booking_reference": "198DA7E7",
        "expires_at": "2026-06-26T07:21:46.100Z",
        "booked_at": "2026-06-26T07:19:46.101Z"
    }
},
{
    "model": "booking.booking",
    "pk": 181,
    "fields": {
        "customer": 1,
        "schedule": 1,
        "seat": 2,
        "booking_status": "Cancelled",
        "booking_reference": "CB1A490A",
        "expires_at": "2026-06-26T07:25:29.871Z",
        "booked_at": "2026-06-26T07:23:29.872Z"
    }
},
{
    "model": "booking.booking",
    "pk": 182,
    "fields": {
        "customer": 1,
        "schedule": 1,
        "seat": 2,
        "booking_status": "Confirmed",
        "booking_reference": "4BB5123E",
        "expires_at": "2026-06-26T07:40:51.374Z",
        "booked_at": "2026-06-26T07:38:51.375Z"
    }
},
{
    "model": "booking.booking",
    "pk": 183,
    "fields": {
        "customer": 8,
        "schedule": 1,
        "seat": 3,
        "booking_status": "Confirmed",
        "booking_reference": "092B2C41",
        "expires_at": "2026-06-26T07:43:21.665Z",
        "booked_at": "2026-06-26T07:41:21.666Z"
    }
},
{
    "model": "booking.booking",
    "pk": 184,
    "fields": {
        "customer": 1,
        "schedule": 3,
        "seat": 38,
        "booking_status": "Cancelled",
        "booking_reference": "7978A6DF",
        "expires_at": "2026-06-26T09:31:31.683Z",
        "booked_at": "2026-06-26T09:29:31.683Z"
    }
},
{
    "model": "booking.booking",
    "pk": 185,
    "fields": {
        "customer": 1,
        "schedule": 1,
        "seat": 4,
        "booking_status": "Cancelled",
        "booking_reference": "54023F70",
        "expires_at": "2026-06-26T14:21:25.526Z",
        "booked_at": "2026-06-26T14:19:25.526Z"
    }
},
{
    "model": "booking.booking",
    "pk": 186,
    "fields": {
        "customer": 1,
        "schedule": 1,
        "seat": 31,
        "booking_status": "Cancelled",
        "booking_reference": "C87B647E",
        "expires_at": "2026-06-26T14:21:45.312Z",
        "booked_at": "2026-06-26T14:19:45.313Z"
    }
},
{
    "model": "booking.booking",
    "pk": 187,
    "fields": {
        "customer": 1,
        "schedule": 1,
        "seat": 22,
        "booking_status": "Confirmed",
        "booking_reference": "B7B1C6BD",
        "expires_at": "2026-06-26T18:04:07.552Z",
        "booked_at": "2026-06-26T18:02:07.553Z"
    }
},
{
    "model": "booking.booking",
    "pk": 188,
    "fields": {
        "customer": 1,
        "schedule": 1,
        "seat": 21,
        "booking_status": "Confirmed",
        "booking_reference": "943149ED",
        "expires_at": "2026-06-27T10:44:08.489Z",
        "booked_at": "2026-06-27T10:42:08.490Z"
    }
},
{
    "model": "booking.booking",
    "pk": 189,
    "fields": {
        "customer": 1,
        "schedule": 1,
        "seat": 30,
        "booking_status": "Cancelled",
        "booking_reference": "049F31E1",
        "expires_at": "2026-06-27T12:12:03.923Z",
        "booked_at": "2026-06-27T12:10:03.924Z"
    }
},
{
    "model": "booking.booking",
    "pk": 190,
    "fields": {
        "customer": 1,
        "schedule": 1,
        "seat": 31,
        "booking_status": "Cancelled",
        "booking_reference": "231662FC",
        "expires_at": "2026-06-27T15:03:59.132Z",
        "booked_at": "2026-06-27T15:01:59.133Z"
    }
},
{
    "model": "booking.booking",
    "pk": 191,
    "fields": {
        "customer": 1,
        "schedule": 3,
        "seat": 36,
        "booking_status": "Cancelled",
        "booking_reference": "0100CEDD",
        "expires_at": "2026-06-28T14:25:24.285Z",
        "booked_at": "2026-06-28T14:23:24.286Z"
    }
},
{
    "model": "booking.booking",
    "pk": 192,
    "fields": {
        "customer": 1,
        "schedule": 1,
        "seat": 4,
        "booking_status": "Cancelled",
        "booking_reference": "F0C70899",
        "expires_at": "2026-06-28T14:29:41.446Z",
        "booked_at": "2026-06-28T14:27:41.448Z"
    }
},
{
    "model": "booking.booking",
    "pk": 193,
    "fields": {
        "customer": 11,
        "schedule": 1,
        "seat": 9,
        "booking_status": "Cancelled",
        "booking_reference": "516515EE",
        "expires_at": "2026-06-28T15:54:01.451Z",
        "booked_at": "2026-06-28T15:52:01.453Z"
    }
},
{
    "model": "booking.booking",
    "pk": 194,
    "fields": {
        "customer": 11,
        "schedule": 1,
        "seat": 11,
        "booking_status": "Confirmed",
        "booking_reference": "23C0C679",
        "expires_at": "2026-06-28T15:54:23.758Z",
        "booked_at": "2026-06-28T15:52:23.758Z"
    }
},
{
    "model": "booking.booking",
    "pk": 195,
    "fields": {
        "customer": 1,
        "schedule": 3,
        "seat": 40,
        "booking_status": "Cancelled",
        "booking_reference": "AF5D74B1",
        "expires_at": "2026-06-30T09:47:07.795Z",
        "booked_at": "2026-06-30T09:45:07.798Z"
    }
},
{
    "model": "booking.booking",
    "pk": 196,
    "fields": {
        "customer": 1,
        "schedule": 3,
        "seat": 44,
        "booking_status": "Confirmed",
        "booking_reference": "ECF7FD91",
        "expires_at": "2026-06-30T09:47:20.150Z",
        "booked_at": "2026-06-30T09:45:20.150Z"
    }
},
{
    "model": "booking.booking",
    "pk": 197,
    "fields": {
        "customer": 1,
        "schedule": 1,
        "seat": 8,
        "booking_status": "Confirmed",
        "booking_reference": "34D9B11C",
        "expires_at": "2026-07-04T11:52:54.309Z",
        "booked_at": "2026-07-04T11:50:54.310Z"
    }
},
{
    "model": "booking.booking",
    "pk": 198,
    "fields": {
        "customer": 1,
        "schedule": 1,
        "seat": 16,
        "booking_status": "Cancelled",
        "booking_reference": "C64693FC",
        "expires_at": "2026-07-04T20:39:54.470Z",
        "booked_at": "2026-07-04T20:37:54.471Z"
    }
},
{
    "model": "booking.booking",
    "pk": 199,
    "fields": {
        "customer": 1,
        "schedule": 1,
        "seat": 20,
        "booking_status": "Confirmed",
        "booking_reference": "167ACBF6",
        "expires_at": "2026-07-04T20:40:02.490Z",
        "booked_at": "2026-07-04T20:38:02.491Z"
    }
},
{
    "model": "booking.booking",
    "pk": 200,
    "fields": {
        "customer": 1,
        "schedule": 3,
        "seat": 38,
        "booking_status": "Cancelled",
        "booking_reference": "DD7EB881",
        "expires_at": "2026-07-04T20:44:38.154Z",
        "booked_at": "2026-07-04T20:42:38.154Z"
    }
},
{
    "model": "booking.booking",
    "pk": 201,
    "fields": {
        "customer": 1,
        "schedule": 1,
        "seat": 7,
        "booking_status": "Cancelled",
        "booking_reference": "71306130",
        "expires_at": "2026-07-05T06:36:34.444Z",
        "booked_at": "2026-07-05T06:34:34.444Z"
    }
},
{
    "model": "booking.booking",
    "pk": 202,
    "fields": {
        "customer": 1,
        "schedule": 1,
        "seat": 14,
        "booking_status": "Cancelled",
        "booking_reference": "3237DF6F",
        "expires_at": "2026-07-05T06:38:51.387Z",
        "booked_at": "2026-07-05T06:36:51.388Z"
    }
},
{
    "model": "booking.booking",
    "pk": 203,
    "fields": {
        "customer": 1,
        "schedule": 1,
        "seat": 10,
        "booking_status": "Confirmed",
        "booking_reference": "C819DB71",
        "expires_at": "2026-07-05T07:08:31.999Z",
        "booked_at": "2026-07-05T07:06:31.999Z"
    }
},
{
    "model": "booking.booking",
    "pk": 204,
    "fields": {
        "customer": 1,
        "schedule": 1,
        "seat": 9,
        "booking_status": "Cancelled",
        "booking_reference": "80DB4157",
        "expires_at": "2026-07-05T07:12:40.158Z",
        "booked_at": "2026-07-05T07:10:40.159Z"
    }
},
{
    "model": "booking.booking",
    "pk": 205,
    "fields": {
        "customer": 1,
        "schedule": 1,
        "seat": 14,
        "booking_status": "Cancelled",
        "booking_reference": "7342482D",
        "expires_at": "2026-07-05T07:13:43.087Z",
        "booked_at": "2026-07-05T07:11:43.088Z"
    }
},
{
    "model": "booking.booking",
    "pk": 206,
    "fields": {
        "customer": 1,
        "schedule": 1,
        "seat": 7,
        "booking_status": "Cancelled",
        "booking_reference": "86D17434",
        "expires_at": "2026-07-05T07:14:24.238Z",
        "booked_at": "2026-07-05T07:12:24.238Z"
    }
},
{
    "model": "booking.booking",
    "pk": 207,
    "fields": {
        "customer": 13,
        "schedule": 1,
        "seat": 5,
        "booking_status": "Cancelled",
        "booking_reference": "B644CB45",
        "expires_at": "2026-07-05T07:17:27.334Z",
        "booked_at": "2026-07-05T07:15:27.335Z"
    }
},
{
    "model": "booking.booking",
    "pk": 208,
    "fields": {
        "customer": 1,
        "schedule": 1,
        "seat": 32,
        "booking_status": "Cancelled",
        "booking_reference": "F8B3DDA7",
        "expires_at": "2026-07-05T07:17:36.439Z",
        "booked_at": "2026-07-05T07:15:36.440Z"
    }
},
{
    "model": "booking.booking",
    "pk": 209,
    "fields": {
        "customer": 13,
        "schedule": 1,
        "seat": 13,
        "booking_status": "Confirmed",
        "booking_reference": "D4709191",
        "expires_at": "2026-07-05T07:18:06.300Z",
        "booked_at": "2026-07-05T07:16:06.301Z"
    }
},
{
    "model": "booking.booking",
    "pk": 210,
    "fields": {
        "customer": 1,
        "schedule": 1,
        "seat": 32,
        "booking_status": "Confirmed",
        "booking_reference": "8565B9B9",
        "expires_at": "2026-07-05T07:36:17.724Z",
        "booked_at": "2026-07-05T07:34:17.724Z"
    }
},
{
    "model": "booking.booking",
    "pk": 211,
    "fields": {
        "customer": 1,
        "schedule": 1,
        "seat": 28,
        "booking_status": "Cancelled",
        "booking_reference": "747A2F8F",
        "expires_at": "2026-07-05T07:37:30.433Z",
        "booked_at": "2026-07-05T07:35:30.433Z"
    }
},
{
    "model": "booking.booking",
    "pk": 212,
    "fields": {
        "customer": 1,
        "schedule": 1,
        "seat": 32,
        "booking_status": "Confirmed",
        "booking_reference": "5C6DE2C8",
        "expires_at": "2026-07-05T07:38:26.303Z",
        "booked_at": "2026-07-05T07:36:26.304Z"
    }
},
{
    "model": "booking.booking",
    "pk": 213,
    "fields": {
        "customer": 1,
        "schedule": 1,
        "seat": 7,
        "booking_status": "Confirmed",
        "booking_reference": "34159039",
        "expires_at": "2026-07-05T07:39:56.548Z",
        "booked_at": "2026-07-05T07:37:56.548Z"
    }
},
{
    "model": "booking.booking",
    "pk": 214,
    "fields": {
        "customer": 1,
        "schedule": 1,
        "seat": 7,
        "booking_status": "Cancelled",
        "booking_reference": "659030AA",
        "expires_at": "2026-07-05T07:42:37.841Z",
        "booked_at": "2026-07-05T07:40:37.841Z"
    }
},
{
    "model": "booking.booking",
    "pk": 215,
    "fields": {
        "customer": 1,
        "schedule": 1,
        "seat": 16,
        "booking_status": "Cancelled",
        "booking_reference": "E323C5E8",
        "expires_at": "2026-07-05T07:43:20.337Z",
        "booked_at": "2026-07-05T07:41:20.337Z"
    }
},
{
    "model": "booking.booking",
    "pk": 216,
    "fields": {
        "customer": 1,
        "schedule": 1,
        "seat": 15,
        "booking_status": "Cancelled",
        "booking_reference": "88342E1C",
        "expires_at": "2026-07-05T07:43:37.138Z",
        "booked_at": "2026-07-05T07:41:37.138Z"
    }
},
{
    "model": "booking.booking",
    "pk": 217,
    "fields": {
        "customer": 1,
        "schedule": 1,
        "seat": 5,
        "booking_status": "Cancelled",
        "booking_reference": "12361A38",
        "expires_at": "2026-07-05T07:45:16.853Z",
        "booked_at": "2026-07-05T07:43:16.854Z"
    }
},
{
    "model": "booking.booking",
    "pk": 218,
    "fields": {
        "customer": 1,
        "schedule": 1,
        "seat": 4,
        "booking_status": "Confirmed",
        "booking_reference": "AFC98D53",
        "expires_at": "2026-07-05T07:47:33.463Z",
        "booked_at": "2026-07-05T07:45:33.463Z"
    }
},
{
    "model": "booking.booking",
    "pk": 219,
    "fields": {
        "customer": 1,
        "schedule": 1,
        "seat": 16,
        "booking_status": "Confirmed",
        "booking_reference": "6CEA8636",
        "expires_at": "2026-07-05T07:48:42.470Z",
        "booked_at": "2026-07-05T07:46:42.470Z"
    }
},
{
    "model": "booking.booking",
    "pk": 220,
    "fields": {
        "customer": 13,
        "schedule": 1,
        "seat": 16,
        "booking_status": "Confirmed",
        "booking_reference": "DB59078D",
        "expires_at": "2026-07-05T07:51:35.048Z",
        "booked_at": "2026-07-05T07:49:35.048Z"
    }
},
{
    "model": "booking.booking",
    "pk": 221,
    "fields": {
        "customer": 1,
        "schedule": 1,
        "seat": 15,
        "booking_status": "Cancelled",
        "booking_reference": "CC094E99",
        "expires_at": "2026-07-05T08:06:47.707Z",
        "booked_at": "2026-07-05T08:04:47.708Z"
    }
},
{
    "model": "booking.booking",
    "pk": 222,
    "fields": {
        "customer": 1,
        "schedule": 1,
        "seat": 19,
        "booking_status": "Cancelled",
        "booking_reference": "CA424EC2",
        "expires_at": "2026-07-05T08:07:49.854Z",
        "booked_at": "2026-07-05T08:05:49.854Z"
    }
},
{
    "model": "booking.booking",
    "pk": 223,
    "fields": {
        "customer": 1,
        "schedule": 1,
        "seat": 6,
        "booking_status": "Confirmed",
        "booking_reference": "EDAC471A",
        "expires_at": "2026-07-06T09:24:09.092Z",
        "booked_at": "2026-07-06T09:22:09.093Z"
    }
},
{
    "model": "booking.ticket",
    "pk": 83,
    "fields": {
        "booking": 176,
        "ticket_number": "TKT-065F7A7F",
        "qr_code": "ticket_qr/TKT-065F7A7F.png",
        "created_at": "2026-06-24T10:38:03.386Z"
    }
},
{
    "model": "booking.ticket",
    "pk": 84,
    "fields": {
        "booking": 177,
        "ticket_number": "TKT-39E9B786",
        "qr_code": "ticket_qr/TKT-39E9B786.png",
        "created_at": "2026-06-24T10:52:32.738Z"
    }
},
{
    "model": "booking.ticket",
    "pk": 85,
    "fields": {
        "booking": 178,
        "ticket_number": "TKT-D225710C",
        "qr_code": "ticket_qr/TKT-D225710C.png",
        "created_at": "2026-06-25T07:44:49.944Z"
    }
},
{
    "model": "booking.ticket",
    "pk": 86,
    "fields": {
        "booking": 179,
        "ticket_number": "TKT-179A4284",
        "qr_code": "ticket_qr/TKT-179A4284.png",
        "created_at": "2026-06-25T08:52:46.161Z"
    }
},
{
    "model": "booking.ticket",
    "pk": 87,
    "fields": {
        "booking": 182,
        "ticket_number": "TKT-4BB5123E",
        "qr_code": "ticket_qr/TKT-4BB5123E.png",
        "created_at": "2026-06-26T07:39:16.183Z"
    }
},
{
    "model": "booking.ticket",
    "pk": 88,
    "fields": {
        "booking": 183,
        "ticket_number": "TKT-092B2C41",
        "qr_code": "ticket_qr/TKT-092B2C41.png",
        "created_at": "2026-06-26T07:41:38.815Z"
    }
},
{
    "model": "booking.ticket",
    "pk": 89,
    "fields": {
        "booking": 187,
        "ticket_number": "TKT-B7B1C6BD",
        "qr_code": "ticket_qr/TKT-B7B1C6BD.png",
        "created_at": "2026-06-26T18:02:28.167Z"
    }
},
{
    "model": "booking.ticket",
    "pk": 90,
    "fields": {
        "booking": 188,
        "ticket_number": "TKT-943149ED",
        "qr_code": "ticket_qr/TKT-943149ED.png",
        "created_at": "2026-06-27T10:42:30.600Z"
    }
},
{
    "model": "booking.ticket",
    "pk": 91,
    "fields": {
        "booking": 189,
        "ticket_number": "TKT-049F31E1",
        "qr_code": "ticket_qr/TKT-049F31E1.png",
        "created_at": "2026-06-27T12:10:22.554Z"
    }
},
{
    "model": "booking.ticket",
    "pk": 92,
    "fields": {
        "booking": 190,
        "ticket_number": "TKT-231662FC",
        "qr_code": "ticket_qr/TKT-231662FC.png",
        "created_at": "2026-06-27T15:02:35.718Z"
    }
},
{
    "model": "booking.ticket",
    "pk": 93,
    "fields": {
        "booking": 192,
        "ticket_number": "TKT-F0C70899",
        "qr_code": "ticket_qr/TKT-F0C70899.png",
        "created_at": "2026-06-28T14:28:01.404Z"
    }
},
{
    "model": "booking.ticket",
    "pk": 94,
    "fields": {
        "booking": 194,
        "ticket_number": "TKT-23C0C679",
        "qr_code": "ticket_qr/TKT-23C0C679.png",
        "created_at": "2026-06-28T15:52:42.565Z"
    }
},
{
    "model": "booking.ticket",
    "pk": 95,
    "fields": {
        "booking": 196,
        "ticket_number": "TKT-ECF7FD91",
        "qr_code": "ticket_qr/TKT-ECF7FD91.png",
        "created_at": "2026-06-30T09:46:01.921Z"
    }
},
{
    "model": "booking.ticket",
    "pk": 96,
    "fields": {
        "booking": 197,
        "ticket_number": "TKT-34D9B11C",
        "qr_code": "ticket_qr/TKT-34D9B11C.png",
        "created_at": "2026-07-04T11:51:34.886Z"
    }
},
{
    "model": "booking.ticket",
    "pk": 97,
    "fields": {
        "booking": 199,
        "ticket_number": "TKT-167ACBF6",
        "qr_code": "ticket_qr/TKT-167ACBF6.png",
        "created_at": "2026-07-04T20:39:11.352Z"
    }
},
{
    "model": "booking.ticket",
    "pk": 98,
    "fields": {
        "booking": 200,
        "ticket_number": "TKT-DD7EB881",
        "qr_code": "ticket_qr/TKT-DD7EB881.png",
        "created_at": "2026-07-04T20:42:58.808Z"
    }
},
{
    "model": "booking.ticket",
    "pk": 99,
    "fields": {
        "booking": 203,
        "ticket_number": "TKT-C819DB71",
        "qr_code": "ticket_qr/TKT-C819DB71.png",
        "created_at": "2026-07-05T07:08:30.376Z"
    }
},
{
    "model": "booking.ticket",
    "pk": 100,
    "fields": {
        "booking": 209,
        "ticket_number": "TKT-D4709191",
        "qr_code": "ticket_qr/TKT-D4709191.png",
        "created_at": "2026-07-05T07:36:11.418Z"
    }
},
{
    "model": "booking.ticket",
    "pk": 101,
    "fields": {
        "booking": 212,
        "ticket_number": "TKT-5C6DE2C8",
        "qr_code": "ticket_qr/TKT-5C6DE2C8.png",
        "created_at": "2026-07-05T07:36:43.448Z"
    }
},
{
    "model": "booking.ticket",
    "pk": 102,
    "fields": {
        "booking": 210,
        "ticket_number": "TKT-8565B9B9",
        "qr_code": "ticket_qr/TKT-8565B9B9.png",
        "created_at": "2026-07-05T07:36:48.724Z"
    }
},
{
    "model": "booking.ticket",
    "pk": 103,
    "fields": {
        "booking": 213,
        "ticket_number": "TKT-34159039",
        "qr_code": "ticket_qr/TKT-34159039.png",
        "created_at": "2026-07-05T07:40:59.437Z"
    }
},
{
    "model": "booking.ticket",
    "pk": 104,
    "fields": {
        "booking": 219,
        "ticket_number": "TKT-6CEA8636",
        "qr_code": "ticket_qr/TKT-6CEA8636.png",
        "created_at": "2026-07-05T07:49:47.564Z"
    }
},
{
    "model": "booking.ticket",
    "pk": 105,
    "fields": {
        "booking": 220,
        "ticket_number": "TKT-DB59078D",
        "qr_code": "ticket_qr/TKT-DB59078D.png",
        "created_at": "2026-07-05T07:49:55.936Z"
    }
},
{
    "model": "booking.ticket",
    "pk": 106,
    "fields": {
        "booking": 218,
        "ticket_number": "TKT-AFC98D53",
        "qr_code": "ticket_qr/TKT-AFC98D53.png",
        "created_at": "2026-07-05T07:50:35.372Z"
    }
},
{
    "model": "booking.ticket",
    "pk": 107,
    "fields": {
        "booking": 223,
        "ticket_number": "TKT-EDAC471A",
        "qr_code": "ticket_qr/TKT-EDAC471A.png",
        "created_at": "2026-07-06T09:22:52.062Z"
    }
},
{
    "model": "payments.payment",
    "pk": 144,
    "fields": {
        "booking": 176,
        "amount": "90000.00",
        "payment_method": "",
        "transaction_id": "kbqy7sej0b",
        "payment_status": "Paid",
        "paid_at": "2026-06-24T10:37:46.912Z"
    }
},
{
    "model": "payments.payment",
    "pk": 145,
    "fields": {
        "booking": 177,
        "amount": "90000.00",
        "payment_method": "",
        "transaction_id": "f86lvcnrhk",
        "payment_status": "Paid",
        "paid_at": "2026-06-24T10:52:10.171Z"
    }
},
{
    "model": "payments.payment",
    "pk": 146,
    "fields": {
        "booking": 178,
        "amount": "90000.00",
        "payment_method": "",
        "transaction_id": "z4xa265ucc",
        "payment_status": "Paid",
        "paid_at": "2026-06-25T07:44:31.249Z"
    }
},
{
    "model": "payments.payment",
    "pk": 147,
    "fields": {
        "booking": 179,
        "amount": "90000.00",
        "payment_method": "",
        "transaction_id": "a10upkvwht",
        "payment_status": "Paid",
        "paid_at": "2026-06-25T08:52:26.053Z"
    }
},
{
    "model": "payments.payment",
    "pk": 148,
    "fields": {
        "booking": 180,
        "amount": "90000.00",
        "payment_method": "",
        "transaction_id": "lmm86j5gnu",
        "payment_status": "Pending",
        "paid_at": "2026-06-26T07:19:48.574Z"
    }
},
{
    "model": "payments.payment",
    "pk": 149,
    "fields": {
        "booking": 181,
        "amount": "90000.00",
        "payment_method": "",
        "transaction_id": "4563cu30yn",
        "payment_status": "Pending",
        "paid_at": "2026-06-26T07:23:32.010Z"
    }
},
{
    "model": "payments.payment",
    "pk": 150,
    "fields": {
        "booking": 182,
        "amount": "90000.00",
        "payment_method": "",
        "transaction_id": "fahf8a950s",
        "payment_status": "Paid",
        "paid_at": "2026-06-26T07:38:53.632Z"
    }
},
{
    "model": "payments.payment",
    "pk": 151,
    "fields": {
        "booking": 183,
        "amount": "90000.00",
        "payment_method": "",
        "transaction_id": "ku4trm8i3f",
        "payment_status": "Paid",
        "paid_at": "2026-06-26T07:41:23.651Z"
    }
},
{
    "model": "payments.payment",
    "pk": 152,
    "fields": {
        "booking": 184,
        "amount": "70000.00",
        "payment_method": "",
        "transaction_id": "28hbmgktsv",
        "payment_status": "Pending",
        "paid_at": "2026-06-26T09:29:33.816Z"
    }
},
{
    "model": "payments.payment",
    "pk": 153,
    "fields": {
        "booking": 187,
        "amount": "90000.00",
        "payment_method": "",
        "transaction_id": "x999m1tjk5",
        "payment_status": "Paid",
        "paid_at": "2026-06-26T18:02:09.757Z"
    }
},
{
    "model": "payments.payment",
    "pk": 154,
    "fields": {
        "booking": 188,
        "amount": "90000.00",
        "payment_method": "",
        "transaction_id": "5szbl0jqgx",
        "payment_status": "Paid",
        "paid_at": "2026-06-27T10:42:11.422Z"
    }
},
{
    "model": "payments.payment",
    "pk": 155,
    "fields": {
        "booking": 189,
        "amount": "90000.00",
        "payment_method": "",
        "transaction_id": "gochdfamv4",
        "payment_status": "Paid",
        "paid_at": "2026-06-27T12:10:05.441Z"
    }
},
{
    "model": "payments.payment",
    "pk": 156,
    "fields": {
        "booking": 190,
        "amount": "90000.00",
        "payment_method": "",
        "transaction_id": "mqhgkf2biw",
        "payment_status": "Paid",
        "paid_at": "2026-06-27T15:02:02.014Z"
    }
},
{
    "model": "payments.payment",
    "pk": 157,
    "fields": {
        "booking": 191,
        "amount": "70000.00",
        "payment_method": "",
        "transaction_id": "gqc7vwqcgt",
        "payment_status": "Pending",
        "paid_at": "2026-06-28T14:23:27.696Z"
    }
},
{
    "model": "payments.payment",
    "pk": 158,
    "fields": {
        "booking": 192,
        "amount": "90000.00",
        "payment_method": "",
        "transaction_id": "rmch0nutn5",
        "payment_status": "Paid",
        "paid_at": "2026-06-28T14:27:44.004Z"
    }
},
{
    "model": "payments.payment",
    "pk": 159,
    "fields": {
        "booking": 193,
        "amount": "90000.00",
        "payment_method": "",
        "transaction_id": "0c80foz0ae",
        "payment_status": "Pending",
        "paid_at": "2026-06-28T15:52:03.384Z"
    }
},
{
    "model": "payments.payment",
    "pk": 160,
    "fields": {
        "booking": 194,
        "amount": "90000.00",
        "payment_method": "",
        "transaction_id": "uk9an0di4x",
        "payment_status": "Paid",
        "paid_at": "2026-06-28T15:52:25.497Z"
    }
},
{
    "model": "payments.payment",
    "pk": 161,
    "fields": {
        "booking": 195,
        "amount": "70000.00",
        "payment_method": "",
        "transaction_id": "p0xst5povo",
        "payment_status": "Pending",
        "paid_at": "2026-06-30T09:45:10.414Z"
    }
},
{
    "model": "payments.payment",
    "pk": 162,
    "fields": {
        "booking": 196,
        "amount": "70000.00",
        "payment_method": "",
        "transaction_id": "v0cz53b2nk",
        "payment_status": "Paid",
        "paid_at": "2026-06-30T09:45:22.565Z"
    }
},
{
    "model": "payments.payment",
    "pk": 163,
    "fields": {
        "booking": 197,
        "amount": "90000.00",
        "payment_method": "",
        "transaction_id": "g5010wkelb",
        "payment_status": "Paid",
        "paid_at": "2026-07-04T11:50:57.180Z"
    }
},
{
    "model": "payments.payment",
    "pk": 164,
    "fields": {
        "booking": 199,
        "amount": "90000.00",
        "payment_method": "",
        "transaction_id": "ux68st7oyk",
        "payment_status": "Paid",
        "paid_at": "2026-07-04T20:38:04.472Z"
    }
},
{
    "model": "payments.payment",
    "pk": 165,
    "fields": {
        "booking": 200,
        "amount": "70000.00",
        "payment_method": "",
        "transaction_id": "2lxlxjioab",
        "payment_status": "Paid",
        "paid_at": "2026-07-04T20:42:39.905Z"
    }
},
{
    "model": "payments.payment",
    "pk": 166,
    "fields": {
        "booking": 201,
        "amount": "90000.00",
        "payment_method": "",
        "transaction_id": "99zjfa7o7u",
        "payment_status": "Pending",
        "paid_at": "2026-07-05T06:34:36.313Z"
    }
},
{
    "model": "payments.payment",
    "pk": 167,
    "fields": {
        "booking": 202,
        "amount": "90000.00",
        "payment_method": "",
        "transaction_id": "h919pjpgzu",
        "payment_status": "Pending",
        "paid_at": "2026-07-05T06:36:53.418Z"
    }
},
{
    "model": "payments.payment",
    "pk": 168,
    "fields": {
        "booking": 203,
        "amount": "90000.00",
        "payment_method": "",
        "transaction_id": "xm5jd6xevw",
        "payment_status": "Paid",
        "paid_at": "2026-07-05T07:06:34.973Z"
    }
},
{
    "model": "payments.payment",
    "pk": 169,
    "fields": {
        "booking": 204,
        "amount": "90000.00",
        "payment_method": "",
        "transaction_id": "rl3wsa0rw2",
        "payment_status": "Pending",
        "paid_at": "2026-07-05T07:10:41.326Z"
    }
},
{
    "model": "payments.payment",
    "pk": 170,
    "fields": {
        "booking": 206,
        "amount": "90000.00",
        "payment_method": "",
        "transaction_id": "u0ceoofzjn",
        "payment_status": "Pending",
        "paid_at": "2026-07-05T07:12:25.391Z"
    }
},
{
    "model": "payments.payment",
    "pk": 171,
    "fields": {
        "booking": 207,
        "amount": "90000.00",
        "payment_method": "",
        "transaction_id": "pum6gstsfh",
        "payment_status": "Pending",
        "paid_at": "2026-07-05T07:15:28.603Z"
    }
},
{
    "model": "payments.payment",
    "pk": 172,
    "fields": {
        "booking": 208,
        "amount": "90000.00",
        "payment_method": "",
        "transaction_id": "tsetom6r51",
        "payment_status": "Pending",
        "paid_at": "2026-07-05T07:15:37.797Z"
    }
},
{
    "model": "payments.payment",
    "pk": 173,
    "fields": {
        "booking": 209,
        "amount": "90000.00",
        "payment_method": "",
        "transaction_id": "w2t7enjdx2",
        "payment_status": "Paid",
        "paid_at": "2026-07-05T07:16:07.480Z"
    }
},
{
    "model": "payments.payment",
    "pk": 174,
    "fields": {
        "booking": 210,
        "amount": "90000.00",
        "payment_method": "",
        "transaction_id": "tmxifkhonb",
        "payment_status": "Paid",
        "paid_at": "2026-07-05T07:34:19.099Z"
    }
},
{
    "model": "payments.payment",
    "pk": 175,
    "fields": {
        "booking": 211,
        "amount": "90000.00",
        "payment_method": "",
        "transaction_id": "ts77o3op38",
        "payment_status": "Pending",
        "paid_at": "2026-07-05T07:35:32.223Z"
    }
},
{
    "model": "payments.payment",
    "pk": 176,
    "fields": {
        "booking": 212,
        "amount": "90000.00",
        "payment_method": "",
        "transaction_id": "38dtch0uvy",
        "payment_status": "Paid",
        "paid_at": "2026-07-05T07:36:27.513Z"
    }
},
{
    "model": "payments.payment",
    "pk": 177,
    "fields": {
        "booking": 213,
        "amount": "90000.00",
        "payment_method": "",
        "transaction_id": "f5ujemrv3n",
        "payment_status": "Paid",
        "paid_at": "2026-07-05T07:37:57.777Z"
    }
},
{
    "model": "payments.payment",
    "pk": 178,
    "fields": {
        "booking": 214,
        "amount": "90000.00",
        "payment_method": "",
        "transaction_id": "am6qz7jw1r",
        "payment_status": "Pending",
        "paid_at": "2026-07-05T07:40:39.106Z"
    }
},
{
    "model": "payments.payment",
    "pk": 179,
    "fields": {
        "booking": 215,
        "amount": "90000.00",
        "payment_method": "",
        "transaction_id": "kzw7cajuw8",
        "payment_status": "Pending",
        "paid_at": "2026-07-05T07:41:21.572Z"
    }
},
{
    "model": "payments.payment",
    "pk": 180,
    "fields": {
        "booking": 216,
        "amount": "90000.00",
        "payment_method": "",
        "transaction_id": "hjpuwgspu1",
        "payment_status": "Pending",
        "paid_at": "2026-07-05T07:41:38.471Z"
    }
},
{
    "model": "payments.payment",
    "pk": 181,
    "fields": {
        "booking": 217,
        "amount": "90000.00",
        "payment_method": "",
        "transaction_id": "tt1uajsg1z",
        "payment_status": "Pending",
        "paid_at": "2026-07-05T07:43:18.394Z"
    }
},
{
    "model": "payments.payment",
    "pk": 182,
    "fields": {
        "booking": 218,
        "amount": "90000.00",
        "payment_method": "",
        "transaction_id": "ltgnbcwvdt",
        "payment_status": "Paid",
        "paid_at": "2026-07-05T07:45:34.759Z"
    }
},
{
    "model": "payments.payment",
    "pk": 183,
    "fields": {
        "booking": 219,
        "amount": "90000.00",
        "payment_method": "",
        "transaction_id": "cq4l79du9d",
        "payment_status": "Paid",
        "paid_at": "2026-07-05T07:46:44.000Z"
    }
},
{
    "model": "payments.payment",
    "pk": 184,
    "fields": {
        "booking": 220,
        "amount": "90000.00",
        "payment_method": "",
        "transaction_id": "7v3mdwjtvg",
        "payment_status": "Paid",
        "paid_at": "2026-07-05T07:49:36.741Z"
    }
},
{
    "model": "payments.payment",
    "pk": 185,
    "fields": {
        "booking": 221,
        "amount": "90000.00",
        "payment_method": "",
        "transaction_id": "r2i3q44d8t",
        "payment_status": "Pending",
        "paid_at": "2026-07-05T08:04:49.543Z"
    }
},
{
    "model": "payments.payment",
    "pk": 186,
    "fields": {
        "booking": 222,
        "amount": "90000.00",
        "payment_method": "",
        "transaction_id": "4e5rpx6qi0",
        "payment_status": "Pending",
        "paid_at": "2026-07-05T08:05:51.495Z"
    }
},
{
    "model": "payments.payment",
    "pk": 187,
    "fields": {
        "booking": 223,
        "amount": "90000.00",
        "payment_method": "",
        "transaction_id": "s1i7yj4zc9",
        "payment_status": "Paid",
        "paid_at": "2026-07-06T09:22:11.757Z"
    }
},
{
    "model": "payments.refund",
    "pk": 4,
    "fields": {
        "payment": 144,
        "refund_reference": "17505102",
        "amount": "90000.00",
        "refund_status": "Pending",
        "created_at": "2026-06-24T10:38:24.834Z"
    }
},
{
    "model": "payments.refund",
    "pk": 5,
    "fields": {
        "payment": 145,
        "refund_reference": "17505843",
        "amount": "90000.00",
        "refund_status": "Pending",
        "created_at": "2026-06-24T10:52:48.609Z"
    }
},
{
    "model": "payments.refund",
    "pk": 6,
    "fields": {
        "payment": 156,
        "refund_reference": "17539652",
        "amount": "90000.00",
        "refund_status": "Pending",
        "created_at": "2026-06-28T15:43:55.736Z"
    }
},
{
    "model": "payments.refund",
    "pk": 7,
    "fields": {
        "payment": 155,
        "refund_reference": "17539654",
        "amount": "90000.00",
        "refund_status": "Pending",
        "created_at": "2026-06-28T15:44:02.794Z"
    }
},
{
    "model": "payments.refund",
    "pk": 8,
    "fields": {
        "payment": 158,
        "refund_reference": "17539657",
        "amount": "90000.00",
        "refund_status": "Pending",
        "created_at": "2026-06-28T15:44:19.159Z"
    }
},
{
    "model": "payments.refund",
    "pk": 9,
    "fields": {
        "payment": 165,
        "refund_reference": "17589013",
        "amount": "70000.00",
        "refund_status": "Pending",
        "created_at": "2026-07-05T06:01:37.025Z"
    }
}
]
